# SmartRow sniff started 2026-10-01T09:16:45 on hci0
Scanning on hci0 for up to 60 s (pull the handle to wake the pulley)...

Found pulley: AA:BB:CC:DD:EE:01  name='SmartRow'  RSSI=-68 dBm
  service UUIDs : ['00001234-0000-1000-8000-00805f9b34fb']
  manufacturer  : {'0x1235': '30 37'}
  service data  : {}
  tx power      : 4
Connected (MTU 23)

=== GATT map ===
Service 00001800-0000-1000-8000-00805f9b34fb  (handle 0x0001)  Generic Access Profile
  Char 00002a01-0000-1000-8000-00805f9b34fb  (handle 0x0004)  [read]  Appearance
      value: 00 00  |..|
  Char 00002a00-0000-1000-8000-00805f9b34fb  (handle 0x0002)  [read, write]  Device Name
      value: 53 6d 61 72 74 52 6f 77  |SmartRow|
  Char 00002a04-0000-1000-8000-00805f9b34fb  (handle 0x0006)  [read]  Peripheral Preferred Connection Parameters
      value: 0c 00 18 00 00 00 90 01  |........|
Service 00001234-0000-1000-8000-00805f9b34fb  (handle 0x0009)  Vendor specific
  Char 00001235-0000-1000-8000-00805f9b34fb  (handle 0x000A)  [write-without-response]  Vendor specific
  Char 00001236-0000-1000-8000-00805f9b34fb  (handle 0x000C)  [read, notify]  Vendor specific
      value: (empty)  ||
      Desc 00002902-0000-1000-8000-00805f9b34fb  (handle 0x000E)  00 00  |..|
Service 00001801-0000-1000-8000-00805f9b34fb  (handle 0x0008)  Generic Attribute Profile

=== Notifications (seconds  handle uuid  length  hex  |ascii|) ===
Subscribed to 00001236-0000-1000-8000-00805f9b34fb (handle 0x000C)
    1.706  -> init: 24 0d 56 40 0d  |$.V@.|
    1.765  0x000C 1236  len= 1  0d  |.|
    1.795  0x000C 1236  len= 1  0d  |.|
    1.855  0x000C 1236  len= 1  56  |V|
    1.856  0x000C 1236  len= 1  40  |@|
    1.916  0x000C 1236  len=18  0d 53 6d 61 72 74 52 6f 77 20 27 56 33 2e 31 30 27 0d  |.SmartRow 'V3.10'.|
    1.916  -> V3 firmware -> request KEYLOCK challenge: 23  |#|
    3.806  0x000C 1236  len=18  0d 4b 45 59 4c 4f 43 4b 3d 43 32 44 37 30 42 42 31 0d  |.KEYLOCK=C2D70BB1.|
    3.806  -> answer KEYLOCK challenge: 0d 63 66 38 37 0d  |.cf87.|
    3.895  0x000C 1236  len= 1  0d  |.|
    3.896  0x000C 1236  len= 1  63  |c|
    3.925  0x000C 1236  len= 1  66  |f|
    3.956  0x000C 1236  len= 1  38  |8|
    4.015  0x000C 1236  len= 1  37  |7|
    4.016  0x000C 1236  len= 1  0d  |.|
    4.136  0x000C 1236  len=17  78 40 40 50 42 45 27 2b 2e 31 33 34 35 36 35 32 0d  |x@@PBE'+.1345652.|
    4.226  0x000C 1236  len=17  78 40 40 40 42 45 27 2b 2e 31 33 34 35 36 34 32 0d  |x@@@BE'+.1345642.|
    4.316  0x000C 1236  len=17  79 40 40 40 42 45 37 38 38 37 36 35 33 30 36 43 0d  |y@@@BE788765306C.|
    4.436  0x000C 1236  len=17  7a 40 40 40 42 46 2e 2b 28 21 21 21 21 21 45 38 0d  |z@@@BF.+(!!!!!E8.|
    4.526  0x000C 1236  len=17  63 40 40 40 42 46 20 20 30 20 20 34 34 31 46 34 0d  |c@@@BF  0  441F4.|
    4.647  0x000C 1236  len=17  64 40 40 40 42 46 32 35 34 20 20 20 32 2d 30 36 0d  |d@@@BF254   2-06.|
    4.737  0x000C 1236  len=17  65 40 40 40 42 46 30 30 30 33 31 39 20 77 37 31 0d  |e@@@BF000319 w71.|
    4.827  0x000C 1236  len=17  61 40 40 40 42 46 30 30 30 31 33 20 20 20 46 44 0d  |a@@@BF00013   FD.|
    4.917  0x000C 1236  len=17  62 40 40 40 42 47 20 32 36 33 30 31 30 38 32 46 0d  |b@@@BG 26301082F.|
    5.037  0x000C 1236  len=17  63 40 40 40 42 47 20 20 30 20 20 34 34 31 46 35 0d  |c@@@BG  0  441F5.|
    5.127  0x000C 1236  len=17  64 40 40 40 42 47 32 35 34 20 20 20 32 2d 30 37 0d  |d@@@BG254   2-07.|
    5.217  0x000C 1236  len=17  65 40 40 40 42 47 30 30 30 33 31 39 20 77 37 32 0d  |e@@@BG000319 w72.|
    5.337  0x000C 1236  len=17  66 40 40 40 42 47 2d 2d 2d 30 30 20 2d 2d 31 30 0d  |f@@@BG---00 --10.|
    5.427  0x000C 1236  len=17  62 40 40 40 42 48 20 32 36 33 30 31 30 38 33 30 0d  |b@@@BH 263010830.|
    5.517  0x000C 1236  len=17  63 40 40 40 42 48 20 20 30 20 20 34 34 31 46 36 0d  |c@@@BH  0  441F6.|
    5.637  0x000C 1236  len=17  64 40 40 40 42 48 32 35 34 20 20 20 32 2d 30 38 0d  |d@@@BH254   2-08.|
    5.727  0x000C 1236  len=17  65 40 40 40 42 48 30 30 30 33 31 39 20 77 37 33 0d  |e@@@BH000319 w73.|
    5.817  0x000C 1236  len=17  61 40 40 40 42 48 30 30 30 31 34 20 20 20 30 30 0d  |a@@@BH00014   00.|
    5.937  0x000C 1236  len=17  62 40 40 40 42 48 20 32 36 33 30 31 30 38 33 30 0d  |b@@@BH 263010830.|
    6.027  0x000C 1236  len=17  63 40 40 50 42 49 20 20 30 20 20 34 34 31 30 37 0d  |c@@PBI  0  44107.|
    6.147  0x000C 1236  len=17  64 40 40 50 42 49 32 33 32 20 20 20 33 2d 31 36 0d  |d@@PBI232   3-16.|
    6.237  0x000C 1236  len=17  65 40 40 50 42 49 30 30 30 33 30 33 20 77 37 44 0d  |e@@PBI000303 w7D.|
    6.327  0x000C 1236  len=17  66 40 40 50 43 40 2d 2d 2d 30 30 20 31 35 32 36 0d  |f@@PC@---00 1526.|
    6.417  0x000C 1236  len=17  62 40 40 50 43 41 20 32 36 33 30 31 30 38 33 41 0d  |b@@PCA 26301083A.|
    6.537  0x000C 1236  len=17  63 40 40 50 43 42 20 20 30 20 20 35 37 35 30 39 0d  |c@@PCB  0  57509.|
    6.627  0x000C 1236  len=17  64 40 40 50 43 42 32 33 32 20 20 20 33 2d 31 30 0d  |d@@PCB232   3-10.|
    6.717  0x000C 1236  len=17  65 40 40 50 43 43 30 30 30 33 30 33 20 77 37 38 0d  |e@@PCC000303 w78.|
    6.837  0x000C 1236  len=17  61 40 40 40 43 43 30 30 30 31 35 20 20 20 46 44 0d  |a@@@CC00015   FD.|
    6.927  0x000C 1236  len=17  78 40 40 40 43 43 26 28 2a 2c 2e 30 31 32 32 33 0d  |x@@@CC&(*,.01223.|
    7.017  0x000C 1236  len=17  79 40 40 40 43 44 33 34 35 35 35 34 31 2e 35 39 0d  |y@@@CD3455541.59.|
    7.137  0x000C 1236  len=17  7a 40 40 40 43 44 28 21 21 21 21 21 21 21 44 30 0d  |z@@@CD(!!!!!!!D0.|
    7.227  0x000C 1236  len=17  65 40 40 40 43 44 32 33 30 33 30 33 20 77 36 45 0d  |e@@@CD230303 w6E.|
    7.317  0x000C 1236  len=17  66 40 40 40 43 44 2d 2d 2d 30 30 20 31 35 31 41 0d  |f@@@CD---00 151A.|
    7.437  0x000C 1236  len=17  62 40 40 40 43 44 20 32 30 33 35 20 39 38 32 34 0d  |b@@@CD 2035 9824.|
    7.527  0x000C 1236  len=17  63 40 40 40 43 45 31 30 32 20 20 35 37 35 31 46 0d  |c@@@CE102  5751F.|
    7.617  0x000C 1236  len=17  64 40 40 40 43 45 32 33 32 20 20 20 33 2d 30 33 0d  |d@@@CE232   3-03.|
    7.737  0x000C 1236  len=17  65 40 40 40 43 45 32 33 30 33 30 33 20 77 36 46 0d  |e@@@CE230303 w6F.|
    7.827  0x000C 1236  len=17  61 40 40 40 43 45 30 30 30 31 36 20 20 20 30 30 0d  |a@@@CE00016   00.|
    7.917  0x000C 1236  len=17  62 40 40 40 43 45 20 32 30 33 35 20 39 38 32 35 0d  |b@@@CE 2035 9825.|
    8.037  0x000C 1236  len=17  63 40 40 40 43 45 31 30 32 20 20 35 37 35 31 46 0d  |c@@@CE102  5751F.|
    8.127  0x000C 1236  len=17  64 40 40 40 43 46 32 33 32 20 20 20 33 2d 30 34 0d  |d@@@CF232   3-04.|
    8.217  0x000C 1236  len=17  65 40 40 40 43 46 32 33 30 33 30 33 20 77 37 30 0d  |e@@@CF230303 w70.|
    8.337  0x000C 1236  len=17  66 40 40 40 43 46 2d 2d 2d 30 30 20 31 35 31 43 0d  |f@@@CF---00 151C.|
    8.427  0x000C 1236  len=17  62 40 40 40 43 46 20 32 30 33 35 20 39 38 32 36 0d  |b@@@CF 2035 9826.|
    8.517  0x000C 1236  len=17  63 40 40 40 43 46 31 30 32 20 20 35 37 35 32 30 0d  |c@@@CF102  57520.|
    8.637  0x000C 1236  len=17  64 40 40 50 43 47 32 33 33 20 20 20 34 2d 31 37 0d  |d@@PCG233   4-17.|
    8.727  0x000C 1236  len=17  65 40 40 50 43 47 32 33 30 32 35 38 20 77 38 41 0d  |e@@PCG230258 w8A.|
    8.817  0x000C 1236  len=17  61 40 40 50 43 48 30 30 30 31 37 20 20 20 31 34 0d  |a@@PCH00017   14.|
    8.937  0x000C 1236  len=17  62 40 40 50 43 48 20 32 30 33 35 20 39 38 33 38 0d  |b@@PCH 2035 9838.|
    9.027  0x000C 1236  len=17  63 40 40 50 43 49 31 30 32 20 20 36 32 30 32 41 0d  |c@@PCI102  6202A.|
    9.117  0x000C 1236  len=17  64 40 40 50 44 40 32 33 33 20 20 20 34 2d 31 31 0d  |d@@PD@233   4-11.|
    9.237  0x000C 1236  len=17  65 40 40 50 44 41 32 33 30 32 35 38 20 77 38 35 0d  |e@@PDA230258 w85.|
    9.327  0x000C 1236  len=17  66 40 40 50 44 41 2d 2d 2d 30 30 20 31 36 32 39 0d  |f@@PDA---00 1629.|
    9.417  0x000C 1236  len=17  78 40 40 40 44 42 27 2a 2c 2e 2f 31 33 34 33 30 0d  |x@@@DB'*,./13430.|
    9.537  0x000C 1236  len=17  79 40 40 40 44 42 35 36 36 35 34 34 32 30 35 46 0d  |y@@@DB566544205F.|
    9.627  0x000C 1236  len=17  7a 40 40 40 44 42 2e 2c 29 25 21 21 21 21 45 43 0d  |z@@@DB.,)%!!!!EC.|
    9.716  0x000C 1236  len=17  65 40 40 40 44 42 32 34 34 32 35 38 20 77 37 42 0d  |e@@@DB244258 w7B.|
    9.867  0x000C 1236  len=17  61 40 40 40 44 42 30 30 30 31 38 20 20 20 30 30 0d  |a@@@DB00018   00.|
    9.927  0x000C 1236  len=17  62 40 40 40 44 43 20 32 34 31 36 31 31 31 32 39 0d  |b@@@DC 241611129.|
   10.017  0x000C 1236  len=17  63 40 40 40 44 43 20 37 39 20 20 36 32 30 31 32 0d  |c@@@DC 79  62012.|
   10.137  0x000C 1236  len=17  64 40 40 40 44 43 32 33 33 20 20 20 34 2d 30 34 0d  |d@@@DC233   4-04.|
   10.227  0x000C 1236  len=17  65 40 40 40 44 43 32 34 34 32 35 38 20 77 37 43 0d  |e@@@DC244258 w7C.|
   10.317  0x000C 1236  len=17  66 40 40 40 44 43 2d 2d 2d 30 30 20 31 36 31 42 0d  |f@@@DC---00 161B.|
   10.467  0x000C 1236  len=17  62 40 40 40 44 44 20 32 34 31 36 31 31 31 32 41 0d  |b@@@DD 24161112A.|
   10.527  0x000C 1236  len=17  63 40 40 40 44 44 20 37 39 20 20 36 32 30 31 33 0d  |c@@@DD 79  62013.|
   10.647  0x000C 1236  len=17  64 40 40 40 44 44 32 33 33 20 20 20 34 2d 30 35 0d  |d@@@DD233   4-05.|
   10.737  0x000C 1236  len=17  65 40 40 40 44 44 32 34 34 32 35 38 20 77 37 44 0d  |e@@@DD244258 w7D.|
   10.887  0x000C 1236  len=17  61 40 40 40 44 44 30 30 30 31 39 20 20 20 30 33 0d  |a@@@DD00019   03.|
   10.917  0x000C 1236  len=17  62 40 40 40 44 44 20 32 34 31 36 31 31 31 32 41 0d  |b@@@DD 24161112A.|
   11.037  0x000C 1236  len=17  63 40 40 40 44 45 20 37 39 20 20 36 32 30 31 34 0d  |c@@@DE 79  62014.|
   11.127  0x000C 1236  len=17  64 40 40 40 44 45 32 33 33 20 20 20 34 2d 30 36 0d  |d@@@DE233   4-06.|
   11.217  0x000C 1236  len=17  65 40 40 40 44 45 32 34 34 32 35 38 20 77 37 45 0d  |e@@@DE244258 w7E.|
   11.367  0x000C 1236  len=17  66 40 40 50 44 45 2d 2d 2d 30 30 20 31 35 32 43 0d  |f@@PDE---00 152C.|
   11.427  0x000C 1236  len=17  62 40 40 50 44 46 20 32 34 31 36 31 31 31 33 43 0d  |b@@PDF 24161113C.|
   11.517  0x000C 1236  len=17  63 40 40 50 44 46 20 37 39 20 20 36 36 31 32 41 0d  |c@@PDF 79  6612A.|
   11.637  0x000C 1236  len=17  64 40 40 50 44 47 32 32 30 20 20 20 35 2d 31 35 0d  |d@@PDG220   5-15.|
   11.727  0x000C 1236  len=17  65 40 40 50 44 47 32 34 34 32 35 34 20 77 38 43 0d  |e@@PDG244254 w8C.|
   11.817  0x000C 1236  len=17  61 40 40 50 44 48 30 30 30 32 30 20 20 20 30 46 0d  |a@@PDH00020   0F.|
   11.937  0x000C 1236  len=17  62 40 40 50 44 49 20 32 34 31 36 31 31 31 33 46 0d  |b@@PDI 24161113F.|
   12.027  0x000C 1236  len=17  63 40 40 50 45 40 20 37 39 20 20 36 36 31 32 35 0d  |c@@PE@ 79  66125.|
   12.117  0x000C 1236  len=17  64 40 40 50 45 40 32 32 30 20 20 20 35 2d 30 46 0d  |d@@PE@220   5-0F.|
   12.237  0x000C 1236  len=17  78 40 40 40 45 40 28 2a 2c 2e 2f 30 32 33 32 44 0d  |x@@@E@(*,./0232D.|
   12.327  0x000C 1236  len=17  79 40 40 40 45 41 34 35 35 35 34 34 34 32 36 30 0d  |y@@@EA4555444260.|
   12.417  0x000C 1236  len=17  7a 40 40 40 45 41 30 2d 2b 28 21 21 21 21 46 34 0d  |z@@@EA0-+(!!!!F4.|
   12.537  0x000C 1236  len=17  63 40 40 40 45 41 20 38 39 20 20 36 36 31 31 37 0d  |c@@@EA 89  66117.|
   12.627  0x000C 1236  len=17  64 40 40 40 45 41 32 32 30 20 20 20 35 2d 30 30 0d  |d@@@EA220   5-00.|
   12.717  0x000C 1236  len=17  65 40 40 40 45 41 32 33 37 32 35 34 20 77 37 39 0d  |e@@@EA237254 w79.|
   12.837  0x000C 1236  len=17  61 40 40 40 45 42 30 30 30 32 31 20 20 20 46 42 0d  |a@@@EB00021   FB.|
   12.927  0x000C 1236  len=17  62 40 40 40 45 42 20 32 35 31 33 31 31 32 32 38 0d  |b@@@EB 251311228.|
   13.017  0x000C 1236  len=17  63 40 40 40 45 42 20 38 39 20 20 36 36 31 31 38 0d  |c@@@EB 89  66118.|
   13.167  0x000C 1236  len=17  64 40 40 40 45 42 32 32 30 20 20 20 35 2d 30 31 0d  |d@@@EB220   5-01.|
   13.227  0x000C 1236  len=17  65 40 40 40 45 42 32 33 37 32 35 34 20 77 37 41 0d  |e@@@EB237254 w7A.|
   13.317  0x000C 1236  len=17  66 40 40 40 45 43 2d 2d 2d 30 30 20 31 35 31 42 0d  |f@@@EC---00 151B.|
   13.467  0x000C 1236  len=17  62 40 40 40 45 43 20 32 35 31 33 31 31 32 32 39 0d  |b@@@EC 251311229.|
   13.527  0x000C 1236  len=17  63 40 40 40 45 43 20 38 39 20 20 36 36 31 31 39 0d  |c@@@EC 89  66119.|
   13.617  0x000C 1236  len=17  64 40 40 40 45 43 32 32 30 20 20 20 35 2d 30 32 0d  |d@@@EC220   5-02.|
   13.737  0x000C 1236  len=17  65 40 40 40 45 43 32 33 37 32 35 34 20 77 37 42 0d  |e@@@EC237254 w7B.|
   13.827  0x000C 1236  len=17  61 40 40 40 45 44 30 30 30 32 32 20 20 20 46 45 0d  |a@@@ED00022   FE.|
   13.917  0x000C 1236  len=17  62 40 40 40 45 44 20 32 35 31 33 31 31 32 32 41 0d  |b@@@ED 25131122A.|
   14.037  0x000C 1236  len=17  63 40 40 40 45 44 20 38 39 20 20 36 36 31 31 41 0d  |c@@@ED 89  6611A.|
   14.127  0x000C 1236  len=17  64 40 40 50 45 44 32 31 36 20 20 20 36 2d 31 39 0d  |d@@PED216   6-19.|
   14.217  0x000C 1236  len=17  65 40 40 50 45 45 32 33 37 32 35 30 20 77 38 39 0d  |e@@PEE237250 w89.|
   14.337  0x000C 1236  len=17  66 40 40 50 45 45 2d 2d 2d 30 30 20 31 35 32 44 0d  |f@@PEE---00 152D.|
   14.427  0x000C 1236  len=17  62 40 40 50 45 46 20 32 35 31 33 31 31 32 33 43 0d  |b@@PEF 25131123C.|
   14.517  0x000C 1236  len=17  63 40 40 50 45 46 20 38 39 20 20 37 30 30 32 36 0d  |c@@PEF 89  70026.|
   14.637  0x000C 1236  len=17  64 40 40 50 45 47 32 31 36 20 20 20 36 2d 31 43 0d  |d@@PEG216   6-1C.|
   14.727  0x000C 1236  len=17  65 40 40 50 45 48 32 33 37 32 35 30 20 77 38 43 0d  |e@@PEH237250 w8C.|
   14.817  0x000C 1236  len=17  61 40 40 50 45 49 30 30 30 32 33 20 20 20 31 34 0d  |a@@PEI00023   14.|
   14.937  0x000C 1236  len=17  62 40 40 50 45 49 20 32 35 31 33 31 31 32 33 46 0d  |b@@PEI 25131123F.|
   15.027  0x000C 1236  len=17  78 40 40 40 45 49 28 2a 2b 2c 2e 2f 30 32 32 45 0d  |x@@@EI(*+,./022E.|
   15.117  0x000C 1236  len=17  79 40 40 40 46 40 33 34 35 36 37 36 35 33 36 36 0d  |y@@@F@3456765366.|
   15.237  0x000C 1236  len=17  7a 40 40 40 46 40 31 2e 2b 27 24 21 21 21 46 38 0d  |z@@@F@1.+'$!!!F8.|
   15.327  0x000C 1236  len=17  66 40 40 40 46 40 2d 2d 2d 30 30 20 31 35 31 39 0d  |f@@@F@---00 1519.|
   15.417  0x000C 1236  len=17  62 40 40 40 46 40 20 32 35 32 32 31 31 36 32 42 0d  |b@@@F@ 25221162B.|
   15.537  0x000C 1236  len=17  63 40 40 40 46 40 20 39 31 20 20 37 30 30 30 41 0d  |c@@@F@ 91  7000A.|
   15.627  0x000C 1236  len=17  64 40 40 40 46 41 32 31 36 20 20 20 36 2d 30 37 0d  |d@@@FA216   6-07.|
   15.717  0x000C 1236  len=17  65 40 40 40 46 41 32 33 36 32 35 30 20 77 37 35 0d  |e@@@FA236250 w75.|
   15.837  0x000C 1236  len=17  61 40 40 40 46 41 30 30 30 32 34 20 20 20 46 45 0d  |a@@@FA00024   FE.|
   15.927  0x000C 1236  len=17  62 40 40 40 46 41 20 32 35 32 32 31 31 36 32 43 0d  |b@@@FA 25221162C.|
   16.017  0x000C 1236  len=17  63 40 40 40 46 41 20 39 31 20 20 37 30 30 30 42 0d  |c@@@FA 91  7000B.|
   16.137  0x000C 1236  len=17  64 40 40 40 46 42 32 31 36 20 20 20 36 2d 30 38 0d  |d@@@FB216   6-08.|
   16.227  0x000C 1236  len=17  65 40 40 40 46 42 32 33 36 32 35 30 20 77 37 36 0d  |e@@@FB236250 w76.|
   16.317  0x000C 1236  len=17  66 40 40 40 46 42 2d 2d 2d 30 30 20 31 35 31 42 0d  |f@@@FB---00 151B.|
   16.437  0x000C 1236  len=17  62 40 40 40 46 42 20 32 35 32 32 31 31 36 32 44 0d  |b@@@FB 25221162D.|
   16.527  0x000C 1236  len=17  63 40 40 40 46 42 20 39 31 20 20 37 30 30 30 43 0d  |c@@@FB 91  7000C.|
   16.617  0x000C 1236  len=17  64 40 40 40 46 43 32 31 36 20 20 20 36 2d 30 39 0d  |d@@@FC216   6-09.|
   16.737  0x000C 1236  len=17  65 40 40 40 46 43 32 33 36 32 35 30 20 77 37 37 0d  |e@@@FC236250 w77.|
   16.827  0x000C 1236  len=17  61 40 40 40 46 43 30 30 30 32 35 20 20 20 30 31 0d  |a@@@FC00025   01.|
   16.917  0x000C 1236  len=17  62 40 40 50 46 43 20 32 35 32 32 31 31 36 33 45 0d  |b@@PFC 25221163E.|
   17.037  0x000C 1236  len=17  63 40 40 50 46 43 20 39 31 20 20 37 32 32 32 31 0d  |c@@PFC 91  72221.|
   17.127  0x000C 1236  len=17  64 40 40 50 46 44 32 30 36 20 20 20 37 2d 31 41 0d  |d@@PFD206   7-1A.|
   17.217  0x000C 1236  len=17  65 40 40 50 46 44 32 33 36 32 34 39 20 77 39 30 0d  |e@@PFD236249 w90.|
   17.337  0x000C 1236  len=17  66 40 40 50 46 45 2d 2d 2d 30 30 20 31 36 32 46 0d  |f@@PFE---00 162F.|
   17.427  0x000C 1236  len=17  62 40 40 50 46 46 20 32 35 32 32 31 31 36 34 31 0d  |b@@PFF 252211641.|
   17.547  0x000C 1236  len=17  63 40 40 50 46 47 20 39 31 20 20 37 32 32 32 35 0d  |c@@PFG 91  72225.|
   17.637  0x000C 1236  len=17  64 40 40 50 46 48 32 30 36 20 20 20 37 2d 31 45 0d  |d@@PFH206   7-1E.|
   17.727  0x000C 1236  len=17  65 40 40 50 46 48 32 33 36 32 34 39 20 77 39 34 0d  |e@@PFH236249 w94.|
   17.817  0x000C 1236  len=17  61 40 40 50 46 49 30 30 30 32 36 20 20 20 31 38 0d  |a@@PFI00026   18.|
   17.937  0x000C 1236  len=17  78 40 40 40 46 49 27 29 2c 2e 30 31 33 35 33 41 0d  |x@@@FI'),.01353A.|
   18.027  0x000C 1236  len=17  79 40 40 40 46 49 37 38 38 37 38 38 37 36 38 33 0d  |y@@@FI7887887683.|
   18.117  0x000C 1236  len=17  7a 40 40 40 46 49 34 31 2e 2a 26 21 21 21 30 46 0d  |z@@@FI41.*&!!!0F.|
   18.237  0x000C 1236  len=17  65 40 40 40 47 40 32 33 39 32 34 39 20 77 38 30 0d  |e@@@G@239249 w80.|
   18.327  0x000C 1236  len=17  66 40 40 40 47 40 2d 2d 2d 30 30 20 31 36 31 42 0d  |f@@@G@---00 161B.|
   18.417  0x000C 1236  len=17  62 40 40 40 47 40 20 32 38 35 37 31 31 37 33 38 0d  |b@@@G@ 285711738.|
   18.537  0x000C 1236  len=17  63 40 40 40 47 40 20 38 37 20 20 37 32 32 31 34 0d  |c@@@G@ 87  72214.|
   18.657  0x000C 1236  len=17  64 40 40 40 47 40 32 30 36 20 20 20 37 2d 30 37 0d  |d@@@G@206   7-07.|
   18.717  0x000C 1236  len=17  65 40 40 40 47 41 32 33 39 32 34 39 20 77 38 31 0d  |e@@@GA239249 w81.|
   18.837  0x000C 1236  len=17  61 40 40 40 47 41 30 30 30 32 37 20 20 20 30 32 0d  |a@@@GA00027   02.|
   18.927  0x000C 1236  len=17  62 40 40 40 47 41 20 32 38 35 37 31 31 37 33 39 0d  |b@@@GA 285711739.|
   19.017  0x000C 1236  len=17  63 40 40 40 47 41 20 38 37 20 20 37 32 32 31 35 0d  |c@@@GA 87  72215.|
   19.137  0x000C 1236  len=17  64 40 40 40 47 41 32 30 36 20 20 20 37 2d 30 38 0d  |d@@@GA206   7-08.|
   19.227  0x000C 1236  len=17  65 40 40 40 47 42 32 33 39 32 34 39 20 77 38 32 0d  |e@@@GB239249 w82.|
   19.317  0x000C 1236  len=17  66 40 40 40 47 42 2d 2d 2d 30 30 20 31 36 31 44 0d  |f@@@GB---00 161D.|
   19.437  0x000C 1236  len=17  62 40 40 40 47 42 20 32 38 35 37 31 31 37 33 41 0d  |b@@@GB 28571173A.|
   19.527  0x000C 1236  len=17  63 40 40 40 47 42 20 38 37 20 20 37 32 32 31 36 0d  |c@@@GB 87  72216.|
   19.617  0x000C 1236  len=17  64 40 40 40 47 42 32 30 36 20 20 20 37 2d 30 39 0d  |d@@@GB206   7-09.|
   19.767  0x000C 1236  len=17  65 40 40 40 47 43 32 33 39 32 34 39 20 77 38 33 0d  |e@@@GC239249 w83.|
   19.827  0x000C 1236  len=17  61 40 40 40 47 43 30 30 30 32 38 20 20 20 30 35 0d  |a@@@GC00028   05.|
   19.917  0x000C 1236  len=17  62 40 40 50 47 43 20 32 38 35 37 31 31 37 34 42 0d  |b@@PGC 28571174B.|
   20.037  0x000C 1236  len=17  63 40 40 50 47 43 20 38 37 20 20 37 35 30 32 38 0d  |c@@PGC 87  75028.|
   20.127  0x000C 1236  len=17  64 40 40 50 47 44 32 30 31 20 20 20 38 2d 31 37 0d  |d@@PGD201   8-17.|
   20.217  0x000C 1236  len=17  65 40 40 50 47 44 32 33 39 32 34 37 20 77 39 32 0d  |e@@PGD239247 w92.|
   20.337  0x000C 1236  len=17  66 40 40 50 47 45 2d 2d 2d 30 30 20 31 37 33 31 0d  |f@@PGE---00 1731.|
   20.427  0x000C 1236  len=17  62 40 40 50 47 46 20 32 38 35 37 31 31 37 34 45 0d  |b@@PGF 28571174E.|
   20.517  0x000C 1236  len=17  63 40 40 50 47 46 20 38 37 20 20 37 35 30 32 42 0d  |c@@PGF 87  7502B.|
   20.637  0x000C 1236  len=17  64 40 40 50 47 47 32 30 31 20 20 20 38 2d 31 41 0d  |d@@PGG201   8-1A.|
   20.727  0x000C 1236  len=17  65 40 40 50 47 48 32 33 39 32 34 37 20 77 39 36 0d  |e@@PGH239247 w96.|
   20.847  0x000C 1236  len=17  61 40 40 50 47 48 30 30 30 32 39 20 20 20 31 42 0d  |a@@PGH00029   1B.|
   20.937  0x000C 1236  len=17  78 40 40 40 47 48 27 2a 2c 2e 30 31 32 33 33 38 0d  |x@@@GH'*,.012338.|
   21.027  0x000C 1236  len=17  79 40 40 40 47 49 34 34 34 34 34 34 33 32 36 36 0d  |y@@@GI4444443266.|
   21.147  0x000C 1236  len=17  7a 40 40 40 47 49 30 2e 2b 29 26 21 21 21 30 35 0d  |z@@@GI0.+)&!!!05.|
   21.237  0x000C 1236  len=17  65 40 40 40 47 49 32 33 33 32 34 37 20 77 38 31 0d  |e@@@GI233247 w81.|
   21.327  0x000C 1236  len=17  66 40 40 40 47 49 2d 2d 2d 30 30 20 31 37 32 35 0d  |f@@@GI---00 1725.|
   21.447  0x000C 1236  len=17  62 40 40 40 47 49 20 32 35 34 35 31 31 38 33 43 0d  |b@@@GI 25451183C.|
   21.537  0x000C 1236  len=17  63 40 40 40 48 40 20 39 36 20 20 37 35 30 31 36 0d  |c@@@H@ 96  75016.|
   21.627  0x000C 1236  len=17  64 40 40 40 48 40 32 30 31 20 20 20 38 2d 30 34 0d  |d@@@H@201   8-04.|
   21.747  0x000C 1236  len=17  65 40 40 40 48 40 32 33 33 32 34 37 20 77 37 39 0d  |e@@@H@233247 w79.|
   21.837  0x000C 1236  len=17  61 40 40 40 48 40 30 30 30 33 30 20 20 20 46 43 0d  |a@@@H@00030   FC.|
   21.927  0x000C 1236  len=17  62 40 40 40 48 40 20 32 35 34 35 31 31 38 33 34 0d  |b@@@H@ 254511834.|
   22.047  0x000C 1236  len=17  63 40 40 40 48 41 20 39 36 20 20 37 35 30 31 37 0d  |c@@@HA 96  75017.|
   22.137  0x000C 1236  len=17  64 40 40 40 48 41 32 30 31 20 20 20 38 2d 30 35 0d  |d@@@HA201   8-05.|
   22.227  0x000C 1236  len=17  65 40 40 40 48 41 32 33 33 32 34 37 20 77 37 41 0d  |e@@@HA233247 w7A.|
   22.347  0x000C 1236  len=17  66 40 40 40 48 41 2d 2d 2d 30 30 20 31 37 31 45 0d  |f@@@HA---00 171E.|
   22.437  0x000C 1236  len=17  62 40 40 40 48 41 20 32 35 34 35 31 31 38 33 35 0d  |b@@@HA 254511835.|
   22.527  0x000C 1236  len=17  63 40 40 40 48 42 20 39 36 20 20 37 35 30 31 38 0d  |c@@@HB 96  75018.|
   22.647  0x000C 1236  len=17  64 40 40 40 48 42 32 30 31 20 20 20 38 2d 30 36 0d  |d@@@HB201   8-06.|
   22.737  0x000C 1236  len=17  65 40 40 40 48 42 32 33 33 32 34 37 20 77 37 42 0d  |e@@@HB233247 w7B.|
   22.827  0x000C 1236  len=17  61 40 40 40 48 42 30 30 30 33 31 20 20 20 46 46 0d  |a@@@HB00031   FF.|
   22.947  0x000C 1236  len=17  62 40 40 50 48 42 20 32 35 34 35 31 31 38 34 36 0d  |b@@PHB 254511846.|
   23.037  0x000C 1236  len=17  63 40 40 50 48 43 20 39 36 20 20 37 35 38 33 31 0d  |c@@PHC 96  75831.|
   23.127  0x000C 1236  len=17  64 40 40 50 48 43 31 39 38 20 20 20 39 2d 32 37 0d  |d@@PHC198   9-27.|
   23.247  0x000C 1236  len=17  65 40 40 50 48 44 32 33 33 32 34 37 20 77 38 44 0d  |e@@PHD233247 w8D.|
   23.337  0x000C 1236  len=17  66 40 40 50 48 44 2d 2d 2d 30 30 20 31 36 33 30 0d  |f@@PHD---00 1630.|
   23.427  0x000C 1236  len=17  62 40 40 50 48 45 20 32 35 34 35 31 31 38 34 39 0d  |b@@PHE 254511849.|
   23.547  0x000C 1236  len=17  63 40 40 50 48 46 20 39 36 20 20 37 35 38 33 34 0d  |c@@PHF 96  75834.|
   23.637  0x000C 1236  len=17  64 40 40 50 48 47 31 39 38 20 20 20 39 2d 32 42 0d  |d@@PHG198   9-2B.|
   23.727  0x000C 1236  len=17  65 40 40 50 48 47 32 33 33 32 34 37 20 77 39 30 0d  |e@@PHG233247 w90.|
   23.847  0x000C 1236  len=17  61 40 40 50 48 48 30 30 30 33 32 20 20 20 31 36 0d  |a@@PHH00032   16.|
   23.937  0x000C 1236  len=17  78 40 40 40 48 48 27 2a 2d 2f 31 33 34 35 34 32 0d  |x@@@HH'*-/134542.|
   24.027  0x000C 1236  len=17  79 40 40 40 48 48 35 36 36 36 37 37 37 35 37 41 0d  |y@@@HH566677757A.|
   24.147  0x000C 1236  len=17  7a 40 40 40 48 48 33 30 2d 2a 27 24 21 21 31 31 0d  |z@@@HH30-*'$!!11.|
   24.237  0x000C 1236  len=17  65 40 40 40 48 49 32 34 30 32 34 37 20 77 38 30 0d  |e@@@HI240247 w80.|
   24.327  0x000C 1236  len=17  66 40 40 40 48 49 2d 2d 2d 30 30 20 31 36 32 35 0d  |f@@@HI---00 1625.|
   24.447  0x000C 1236  len=17  62 40 40 40 48 49 20 32 38 34 33 31 32 30 33 37 0d  |b@@@HI 284312037.|
   24.537  0x000C 1236  len=17  63 40 40 40 48 49 20 38 34 20 20 37 35 38 32 34 0d  |c@@@HI 84  75824.|
   24.627  0x000C 1236  len=17  64 40 40 40 48 49 31 39 38 20 20 20 39 2d 31 44 0d  |d@@@HI198   9-1D.|
   24.747  0x000C 1236  len=17  65 40 40 40 49 40 32 34 30 32 34 37 20 77 37 38 0d  |e@@@I@240247 w78.|
   24.837  0x000C 1236  len=17  61 40 40 40 49 40 30 30 30 33 33 20 20 20 30 30 0d  |a@@@I@00033   00.|
   24.927  0x000C 1236  len=17  62 40 40 40 49 40 20 32 38 34 33 31 32 30 32 46 0d  |b@@@I@ 28431202F.|
   25.047  0x000C 1236  len=17  63 40 40 40 49 40 20 38 34 20 20 37 35 38 31 43 0d  |c@@@I@ 84  7581C.|
   25.137  0x000C 1236  len=17  64 40 40 40 49 40 31 39 38 20 20 20 39 2d 31 35 0d  |d@@@I@198   9-15.|
   25.227  0x000C 1236  len=17  65 40 40 40 49 41 32 34 30 32 34 37 20 77 37 39 0d  |e@@@IA240247 w79.|
   25.347  0x000C 1236  len=17  66 40 40 40 49 41 2d 2d 2d 30 30 20 31 36 31 45 0d  |f@@@IA---00 161E.|
   25.437  0x000C 1236  len=17  62 40 40 40 49 41 20 32 38 34 33 31 32 30 33 30 0d  |b@@@IA 284312030.|
   25.527  0x000C 1236  len=17  63 40 40 40 49 41 20 38 34 20 20 37 35 38 31 44 0d  |c@@@IA 84  7581D.|
   25.647  0x000C 1236  len=17  64 40 40 40 49 41 31 39 38 20 20 20 39 2d 31 36 0d  |d@@@IA198   9-16.|
   25.737  0x000C 1236  len=17  65 40 40 40 49 42 32 34 30 32 34 37 20 77 37 41 0d  |e@@@IB240247 w7A.|
   25.827  0x000C 1236  len=17  61 40 40 40 49 42 30 30 30 33 34 20 20 20 30 33 0d  |a@@@IB00034   03.|
   25.947  0x000C 1236  len=17  62 40 40 50 49 42 20 32 38 34 33 31 32 30 34 31 0d  |b@@PIB 284312041.|
   26.037  0x000C 1236  len=17  63 40 40 50 49 43 20 38 34 20 20 37 37 38 33 31 0d  |c@@PIC 84  77831.|
   26.127  0x000C 1236  len=17  64 40 40 50 49 43 32 30 35 20 20 31 30 2d 32 35 0d  |d@@PIC205  10-25.|
   26.247  0x000C 1236  len=17  65 40 40 50 49 44 32 34 30 32 34 35 20 77 38 41 0d  |e@@PID240245 w8A.|
   26.337  0x000C 1236  len=17  66 40 40 50 49 45 2d 2d 2d 30 30 20 31 36 33 32 0d  |f@@PIE---00 1632.|
   26.427  0x000C 1236  len=17  62 40 40 50 49 45 20 32 38 34 33 31 32 30 34 34 0d  |b@@PIE 284312044.|
   26.547  0x000C 1236  len=17  63 40 40 50 49 46 20 38 34 20 20 37 37 38 33 34 0d  |c@@PIF 84  77834.|
   26.637  0x000C 1236  len=17  64 40 40 50 49 47 32 30 35 20 20 31 30 2d 32 39 0d  |d@@PIG205  10-29.|
   26.727  0x000C 1236  len=17  65 40 40 50 49 47 32 34 30 32 34 35 20 77 38 44 0d  |e@@PIG240245 w8D.|
   26.847  0x000C 1236  len=17  61 40 40 40 49 48 30 30 30 33 35 20 20 20 30 41 0d  |a@@@IH00035   0A.|
   26.937  0x000C 1236  len=17  78 40 40 40 49 48 28 2a 2d 2f 31 32 33 34 34 31 0d  |x@@@IH(*-/123441.|
   27.027  0x000C 1236  len=17  79 40 40 40 49 48 35 36 36 36 37 37 37 36 37 43 0d  |y@@@IH566677767C.|
   27.147  0x000C 1236  len=17  7a 40 40 40 49 48 34 31 2e 2b 28 25 21 21 31 38 0d  |z@@@IH41.+(%!!18.|
   27.237  0x000C 1236  len=17  65 40 40 40 49 48 32 33 33 32 34 35 20 77 38 30 0d  |e@@@IH233245 w80.|
   27.327  0x000C 1236  len=17  66 40 40 40 49 49 2d 2d 2d 30 30 20 31 36 32 36 0d  |f@@@II---00 1626.|
   27.447  0x000C 1236  len=17  62 40 40 40 49 49 20 32 38 39 35 31 32 31 34 30 0d  |b@@@II 289512140.|
   27.537  0x000C 1236  len=17  63 40 40 40 49 49 20 39 37 20 20 37 37 38 32 42 0d  |c@@@II 97  7782B.|
   27.627  0x000C 1236  len=17  64 40 40 40 49 49 32 30 35 20 20 31 30 2d 31 42 0d  |d@@@II205  10-1B.|
   27.747  0x000C 1236  len=17  65 40 40 40 49 49 32 33 33 32 34 35 20 77 38 31 0d  |e@@@II233245 w81.|
   27.837  0x000C 1236  len=17  61 40 40 41 40 40 30 30 30 33 36 2c 31 36 32 45 0d  |a@@A@@00036,162E.|
   27.927  0x000C 1236  len=17  62 40 40 41 40 40 20 32 38 39 35 31 32 31 32 46 0d  |b@@A@@ 28951212F.|
   28.047  0x000C 1236  len=17  63 40 40 41 40 40 20 39 37 20 20 37 37 38 31 41 0d  |c@@A@@ 97  7781A.|
   28.137  0x000C 1236  len=17  64 40 40 41 40 40 32 30 35 20 20 31 30 2d 30 41 0d  |d@@A@@205  10-0A.|
   28.227  0x000C 1236  len=17  65 40 40 41 40 40 32 33 33 32 34 35 20 77 37 30 0d  |e@@A@@233245 w70.|
   28.347  0x000C 1236  len=17  66 40 40 41 40 41 2d 2d 2d 30 30 20 31 36 31 36 0d  |f@@A@A---00 1616.|
   28.437  0x000C 1236  len=17  62 40 40 41 40 41 20 32 38 39 35 31 32 31 33 30 0d  |b@@A@A 289512130.|
   28.527  0x000C 1236  len=17  63 40 40 41 40 41 20 39 37 20 20 37 37 38 31 42 0d  |c@@A@A 97  7781B.|
   28.647  0x000C 1236  len=17  64 40 40 41 40 41 32 30 35 20 20 31 30 2d 30 42 0d  |d@@A@A205  10-0B.|
   28.737  0x000C 1236  len=17  65 40 40 41 40 42 32 33 33 32 34 35 20 77 37 32 0d  |e@@A@B233245 w72.|
   28.827  0x000C 1236  len=17  61 40 40 41 40 42 30 30 30 33 36 2c 31 36 33 30 0d  |a@@A@B00036,1630.|
   28.947  0x000C 1236  len=17  62 40 40 51 40 42 20 32 38 39 35 31 32 31 34 31 0d  |b@@Q@B 289512141.|
   29.037  0x000C 1236  len=17  63 40 40 51 40 42 20 39 37 20 20 37 39 35 32 42 0d  |c@@Q@B 97  7952B.|
   29.127  0x000C 1236  len=17  64 40 40 51 40 43 32 30 30 20 20 31 31 2d 31 39 0d  |d@@Q@C200  11-19.|
   29.247  0x000C 1236  len=17  65 40 40 51 40 44 32 33 33 32 34 34 20 77 38 33 0d  |e@@Q@D233244 w83.|
   29.337  0x000C 1236  len=17  66 40 40 51 40 45 2d 2d 2d 30 30 20 31 37 32 42 0d  |f@@Q@E---00 172B.|
   29.427  0x000C 1236  len=17  62 40 40 51 40 45 20 32 38 39 35 31 32 31 34 34 0d  |b@@Q@E 289512144.|
   29.547  0x000C 1236  len=17  63 40 40 51 40 46 20 39 37 20 20 37 39 35 32 46 0d  |c@@Q@F 97  7952F.|
   29.637  0x000C 1236  len=17  64 40 40 51 40 47 32 30 30 20 20 31 31 2d 31 44 0d  |d@@Q@G200  11-1D.|
   29.727  0x000C 1236  len=17  65 40 40 51 40 47 32 33 33 32 34 34 20 77 38 36 0d  |e@@Q@G233244 w86.|
   29.847  0x000C 1236  len=17  61 40 40 41 40 48 30 30 30 33 36 2c 31 36 33 36 0d  |a@@A@H00036,1636.|
   29.937  0x000C 1236  len=17  78 40 40 41 40 48 27 2b 2d 30 33 36 37 39 34 39 0d  |x@@A@H'+-0367949.|
   30.027  0x000C 1236  len=17  79 40 40 41 40 48 39 3a 3a 39 39 38 37 35 38 35 0d  |y@@A@H9::9987585.|
   30.147  0x000C 1236  len=17  7a 40 40 41 40 48 32 30 2c 29 26 24 21 21 30 36 0d  |z@@A@H20,)&$!!06.|
   30.237  0x000C 1236  len=17  65 40 40 41 40 48 32 33 33 32 34 34 20 77 37 37 0d  |e@@A@H233244 w77.|
   30.327  0x000C 1236  len=17  66 40 40 41 40 49 2d 2d 2d 30 30 20 31 37 31 46 0d  |f@@A@I---00 171F.|
   30.447  0x000C 1236  len=17  62 40 40 41 40 49 20 33 30 37 34 31 32 30 32 44 0d  |b@@A@I 30741202D.|
   30.537  0x000C 1236  len=17  63 40 40 41 40 49 20 39 37 20 20 37 39 35 32 32 0d  |c@@A@I 97  79522.|
   30.627  0x000C 1236  len=17  64 40 40 41 40 49 32 30 30 20 20 31 31 2d 30 46 0d  |d@@A@I200  11-0F.|
   30.747  0x000C 1236  len=17  65 40 40 41 40 49 32 33 33 32 34 34 20 77 37 38 0d  |e@@A@I233244 w78.|
   30.837  0x000C 1236  len=17  61 40 40 41 41 40 30 30 30 33 39 20 20 20 46 46 0d  |a@@AA@00039   FF.|
   30.927  0x000C 1236  len=17  62 40 40 41 41 40 20 33 30 37 34 31 32 30 32 35 0d  |b@@AA@ 307412025.|
   31.047  0x000C 1236  len=17  63 40 40 41 41 40 20 39 37 20 20 37 39 35 31 41 0d  |c@@AA@ 97  7951A.|
   31.137  0x000C 1236  len=17  64 40 40 41 41 40 32 30 30 20 20 31 31 2d 30 37 0d  |d@@AA@200  11-07.|
   31.227  0x000C 1236  len=17  65 40 40 41 41 41 32 33 33 32 34 34 20 77 37 31 0d  |e@@AAA233244 w71.|
   31.347  0x000C 1236  len=17  66 40 40 41 41 41 2d 2d 2d 30 30 20 31 37 31 38 0d  |f@@AAA---00 1718.|
   31.437  0x000C 1236  len=17  62 40 40 41 41 41 20 33 30 37 34 31 32 30 32 36 0d  |b@@AAA 307412026.|
   31.527  0x000C 1236  len=17  63 40 40 41 41 41 20 39 37 20 20 37 39 35 31 42 0d  |c@@AAA 97  7951B.|
   31.647  0x000C 1236  len=17  64 40 40 41 41 41 32 30 30 20 20 31 31 2d 30 38 0d  |d@@AAA200  11-08.|
   31.737  0x000C 1236  len=17  65 40 40 41 41 42 32 33 33 32 34 34 20 77 37 32 0d  |e@@AAB233244 w72.|
   31.827  0x000C 1236  len=17  61 40 40 51 41 42 30 30 30 34 30 20 20 20 30 39 0d  |a@@QAB00040   09.|
   31.947  0x000C 1236  len=17  62 40 40 51 41 42 20 33 30 37 34 31 32 30 33 37 0d  |b@@QAB 307412037.|
   32.037  0x000C 1236  len=17  63 40 40 51 41 43 20 39 37 20 20 38 31 34 32 35 0d  |c@@QAC 97  81425.|
   32.127  0x000C 1236  len=17  64 40 40 51 41 44 32 30 34 20 20 31 32 2d 32 30 0d  |d@@QAD204  12-20.|
   32.247  0x000C 1236  len=17  65 40 40 51 41 45 32 33 33 32 34 32 20 77 38 33 0d  |e@@QAE233242 w83.|
   32.337  0x000C 1236  len=17  66 40 40 51 41 47 2d 2d 2d 30 30 20 31 37 32 45 0d  |f@@QAG---00 172E.|
   32.427  0x000C 1236  len=17  62 40 40 51 41 48 20 33 30 37 34 31 32 30 33 44 0d  |b@@QAH 30741203D.|
   32.547  0x000C 1236  len=17  78 40 40 41 41 49 2c 31 38 3d 42 46 49 4d 42 33 0d  |x@@AAI,18=BFIMB3.|
   32.637  0x000C 1236  len=17  79 40 40 41 41 49 4e 4e 4d 4c 4a 49 46 42 31 34 0d  |y@@AAINNMLJIFB14.|
   32.727  0x000C 1236  len=17  7a 40 40 41 41 49 3e 3a 35 30 2c 27 21 21 33 37 0d  |z@@AAI>:50,'!!37.|
   32.847  0x000C 1236  len=17  61 40 40 41 41 49 30 30 30 34 31 20 20 20 30 31 0d  |a@@AAI00041   01.|
   32.937  0x000C 1236  len=17  62 40 40 41 42 41 20 35 34 33 34 31 32 33 32 43 0d  |b@@ABA 54341232C.|
   33.027  0x000C 1236  len=17  63 40 40 41 42 41 31 30 35 20 20 38 31 34 31 41 0d  |c@@ABA105  8141A.|
   33.147  0x000C 1236  len=17  64 40 40 41 42 41 32 30 34 20 20 31 32 2d 30 45 0d  |d@@ABA204  12-0E.|
   33.237  0x000C 1236  len=17  65 40 40 41 42 41 32 32 39 32 34 32 20 77 37 35 0d  |e@@ABA229242 w75.|
   33.327  0x000C 1236  len=17  66 40 40 41 42 41 2d 2d 2d 30 30 20 31 37 31 39 0d  |f@@ABA---00 1719.|
   33.447  0x000C 1236  len=17  62 40 40 41 42 42 20 35 34 33 34 31 32 33 32 44 0d  |b@@ABB 54341232D.|
   33.537  0x000C 1236  len=17  63 40 40 41 42 42 31 30 35 20 20 38 31 34 31 42 0d  |c@@ABB105  8141B.|
   33.627  0x000C 1236  len=17  64 40 40 41 42 42 32 30 34 20 20 31 32 2d 30 46 0d  |d@@ABB204  12-0F.|
   33.747  0x000C 1236  len=17  65 40 40 41 42 42 32 32 39 32 34 32 20 77 37 36 0d  |e@@ABB229242 w76.|
   33.837  0x000C 1236  len=17  61 40 40 41 42 42 30 30 30 34 32 20 20 20 46 43 0d  |a@@ABB00042   FC.|
   33.927  0x000C 1236  len=17  62 40 40 41 42 43 20 35 34 33 34 31 32 33 32 45 0d  |b@@ABC 54341232E.|
   34.047  0x000C 1236  len=17  63 40 40 41 42 43 31 30 35 20 20 38 31 34 31 43 0d  |c@@ABC105  8141C.|
   34.137  0x000C 1236  len=17  64 40 40 41 42 43 32 30 34 20 20 31 32 2d 31 30 0d  |d@@ABC204  12-10.|
   34.227  0x000C 1236  len=17  65 40 40 51 42 43 32 32 39 32 34 32 20 77 38 37 0d  |e@@QBC229242 w87.|
   34.347  0x000C 1236  len=17  66 40 40 51 42 44 2d 2d 2d 30 30 20 31 35 32 41 0d  |f@@QBD---00 152A.|
   34.437  0x000C 1236  len=17  62 40 40 51 42 45 20 35 34 33 34 31 32 33 34 30 0d  |b@@QBE 543412340.|
   34.527  0x000C 1236  len=17  63 40 40 51 42 46 31 30 35 20 20 39 30 34 32 46 0d  |c@@QBF105  9042F.|
   34.647  0x000C 1236  len=17  64 40 40 51 42 48 32 35 32 20 20 31 33 2d 32 39 0d  |d@@QBH252  13-29.|
   34.737  0x000C 1236  len=17  65 40 40 51 42 49 32 32 39 32 33 37 20 77 39 31 0d  |e@@QBI229237 w91.|
   34.827  0x000C 1236  len=17  61 40 40 41 43 41 30 30 30 34 33 20 20 20 46 44 0d  |a@@ACA00043   FD.|
   34.947  0x000C 1236  len=17  78 40 40 41 43 41 2a 32 39 40 46 4a 4e 4f 42 46 0d  |x@@ACA*29@FJNOBF.|
   35.037  0x000C 1236  len=17  79 40 40 41 43 41 50 50 4e 4c 49 46 43 40 30 41 0d  |y@@ACAPPNLIFC@0A.|
   35.127  0x000C 1236  len=17  7a 40 40 41 43 41 3c 38 33 2f 2b 27 24 21 32 43 0d  |z@@ACA<83/+'$!2C.|
   35.247  0x000C 1236  len=17  65 40 40 41 43 42 31 35 35 32 33 37 20 77 37 39 0d  |e@@ACB155237 w79.|
   35.337  0x000C 1236  len=17  66 40 40 41 43 42 2d 2d 2d 30 30 20 31 35 31 39 0d  |f@@ACB---00 1519.|
   35.427  0x000C 1236  len=17  62 40 40 41 43 42 20 35 34 38 39 31 32 35 33 41 0d  |b@@ACB 54891253A.|
   35.547  0x000C 1236  len=17  63 40 40 41 43 42 32 32 38 20 20 39 30 34 32 32 0d  |c@@ACB228  90422.|
   35.637  0x000C 1236  len=17  64 40 40 41 43 43 32 35 32 20 20 31 33 2d 31 35 0d  |d@@ACC252  13-15.|
   35.727  0x000C 1236  len=17  65 40 40 41 43 43 31 35 35 32 33 37 20 77 37 41 0d  |e@@ACC155237 w7A.|
   35.847  0x000C 1236  len=17  61 40 40 41 43 43 30 30 30 34 34 20 20 20 30 30 0d  |a@@ACC00044   00.|
   35.937  0x000C 1236  len=17  62 40 40 41 43 43 20 35 34 38 39 31 32 35 33 42 0d  |b@@ACC 54891253B.|
   36.027  0x000C 1236  len=17  63 40 40 41 43 43 32 32 38 20 20 39 30 34 32 33 0d  |c@@ACC228  90423.|
   36.147  0x000C 1236  len=17  64 40 40 41 43 44 32 35 32 20 20 31 33 2d 31 36 0d  |d@@ACD252  13-16.|
   36.237  0x000C 1236  len=17  65 40 40 41 43 44 31 35 35 32 33 37 20 77 37 42 0d  |e@@ACD155237 w7B.|
   36.327  0x000C 1236  len=17  66 40 40 41 43 44 2d 2d 2d 30 30 20 31 35 31 42 0d  |f@@ACD---00 151B.|
   36.447  0x000C 1236  len=17  62 40 40 41 43 44 20 35 34 38 39 31 32 35 33 43 0d  |b@@ACD 54891253C.|
   36.537  0x000C 1236  len=17  63 40 40 51 43 45 32 32 38 20 20 39 38 36 33 46 0d  |c@@QCE228  9863F.|
   36.627  0x000C 1236  len=17  64 40 40 51 43 45 32 36 32 20 20 31 34 2d 32 39 0d  |d@@QCE262  14-29.|
   36.747  0x000C 1236  len=17  65 40 40 51 43 46 31 35 35 32 33 32 20 77 38 38 0d  |e@@QCF155232 w88.|
   36.837  0x000C 1236  len=17  61 40 40 51 43 47 30 30 30 34 35 20 20 20 31 35 0d  |a@@QCG00045   15.|
   36.927  0x000C 1236  len=17  62 40 40 51 43 49 20 35 34 38 39 31 32 35 35 31 0d  |b@@QCI 548912551.|
   37.047  0x000C 1236  len=17  63 40 40 51 44 41 32 32 38 20 20 39 38 36 33 43 0d  |c@@QDA228  9863C.|
   37.137  0x000C 1236  len=17  78 40 40 41 44 41 2c 33 3b 42 47 4c 50 53 44 30 0d  |x@@ADA,3;BGLPSD0.|
   37.227  0x000C 1236  len=17  79 40 40 41 44 41 55 55 53 51 4d 4a 46 42 32 43 0d  |y@@ADAUUSQMJFB2C.|
   37.347  0x000C 1236  len=17  7a 40 40 41 44 42 3f 3b 36 31 2c 28 24 21 33 42 0d  |z@@ADB?;61,($!3B.|
   37.437  0x000C 1236  len=17  62 40 40 41 44 42 20 35 39 39 30 31 32 36 33 39 0d  |b@@ADB 599012639.|
   37.527  0x000C 1236  len=17  63 40 40 41 44 42 32 34 30 20 20 39 38 36 32 37 0d  |c@@ADB240  98627.|
   37.647  0x000C 1236  len=17  64 40 40 41 44 42 32 36 32 20 20 31 34 2d 31 37 0d  |d@@ADB262  14-17.|
   37.737  0x000C 1236  len=17  65 40 40 41 44 43 31 35 33 32 33 32 20 77 37 34 0d  |e@@ADC153232 w74.|
   37.827  0x000C 1236  len=17  61 40 40 41 44 43 30 30 30 34 36 20 20 20 30 33 0d  |a@@ADC00046   03.|
   37.947  0x000C 1236  len=17  62 40 40 41 44 43 20 35 39 39 30 31 32 36 33 41 0d  |b@@ADC 59901263A.|
   38.037  0x000C 1236  len=17  63 40 40 41 44 43 32 34 30 20 20 39 38 36 32 38 0d  |c@@ADC240  98628.|
   38.127  0x000C 1236  len=17  64 40 40 41 44 45 32 36 32 20 20 31 34 2d 31 41 0d  |d@@ADE262  14-1A.|
   38.247  0x000C 1236  len=17  65 40 40 41 44 45 31 35 33 32 33 32 20 77 37 36 0d  |e@@ADE153232 w76.|
   38.337  0x000C 1236  len=17  66 40 40 41 44 45 2d 2d 2d 30 30 20 31 36 31 45 0d  |f@@ADE---00 161E.|
   38.427  0x000C 1236  len=17  62 40 40 41 44 45 20 35 39 39 30 31 32 36 33 43 0d  |b@@ADE 59901263C.|
   38.547  0x000C 1236  len=17  63 40 40 41 44 45 32 34 30 20 20 39 38 36 32 41 0d  |c@@ADE240  9862A.|
   38.637  0x000C 1236  len=17  64 40 40 41 44 46 32 36 32 20 20 31 34 2d 31 42 0d  |d@@ADF262  14-1B.|
   38.727  0x000C 1236  len=17  65 40 40 51 44 46 31 35 33 32 33 32 20 77 38 37 0d  |e@@QDF153232 w87.|
   38.847  0x000C 1236  len=17  61 40 40 51 44 46 30 30 30 34 37 20 20 20 31 37 0d  |a@@QDF00047   17.|
   38.937  0x000C 1236  len=17  62 40 40 51 44 47 20 35 39 39 30 31 32 36 34 45 0d  |b@@QDG 59901264E.|
   39.027  0x000C 1236  len=17  63 40 40 51 44 48 32 34 30 20 31 30 37 31 33 46 0d  |c@@QDH240 10713F.|
   39.147  0x000C 1236  len=17  64 40 40 51 44 49 32 36 34 20 20 31 35 2d 33 31 0d  |d@@QDI264  15-31.|
   39.237  0x000C 1236  len=17  65 40 40 51 45 41 31 35 33 32 32 38 20 77 38 38 0d  |e@@QEA153228 w88.|
   39.327  0x000C 1236  len=17  66 40 40 51 45 41 2d 2d 2d 30 30 20 31 37 32 43 0d  |f@@QEA---00 172C.|
   39.447  0x000C 1236  len=17  78 40 40 41 45 42 29 30 37 3e 43 48 4b 4d 42 31 0d  |x@@AEB)07>CHKMB1.|
   39.537  0x000C 1236  len=17  79 40 40 41 45 42 4f 50 4f 4d 4b 48 45 41 31 35 0d  |y@@AEBOPOMKHEA15.|
   39.627  0x000C 1236  len=17  7a 40 40 41 45 42 3d 38 34 2f 2b 28 26 21 33 34 0d  |z@@AEB=84/+(&!34.|
   39.747  0x000C 1236  len=17  65 40 40 41 45 43 31 34 39 32 32 38 20 77 37 46 0d  |e@@AEC149228 w7F.|
   39.837  0x000C 1236  len=17  61 40 40 41 45 43 30 30 30 34 38 20 20 20 30 36 0d  |a@@AEC00048   06.|
   39.927  0x000C 1236  len=17  62 40 40 41 45 43 20 35 34 36 30 31 32 38 33 35 0d  |b@@AEC 546012835.|
   40.047  0x000C 1236  len=17  63 40 40 41 45 43 32 36 34 20 31 30 37 31 33 31 0d  |c@@AEC264 107131.|
   40.137  0x000C 1236  len=17  64 40 40 41 45 45 32 36 34 20 20 31 35 2d 31 45 0d  |d@@AEE264  15-1E.|
   40.227  0x000C 1236  len=17  65 40 40 41 45 45 31 34 39 32 32 38 20 77 38 31 0d  |e@@AEE149228 w81.|
   40.347  0x000C 1236  len=17  66 40 40 41 45 45 2d 2d 2d 30 30 20 31 37 32 30 0d  |f@@AEE---00 1720.|
   40.437  0x000C 1236  len=17  62 40 40 41 45 45 20 35 34 36 30 31 32 38 33 37 0d  |b@@AEE 546012837.|
   40.527  0x000C 1236  len=17  63 40 40 41 45 46 32 36 34 20 31 30 37 31 33 34 0d  |c@@AEF264 107134.|
   40.647  0x000C 1236  len=17  64 40 40 41 45 46 32 36 34 20 20 31 35 2d 31 46 0d  |d@@AEF264  15-1F.|
   40.737  0x000C 1236  len=17  65 40 40 41 45 46 31 34 39 32 32 38 20 77 38 32 0d  |e@@AEF149228 w82.|
   40.827  0x000C 1236  len=17  61 40 40 41 45 46 30 30 30 34 39 20 20 20 30 41 0d  |a@@AEF00049   0A.|
   40.947  0x000C 1236  len=17  62 40 40 41 45 46 20 35 34 36 30 31 32 38 33 38 0d  |b@@AEF 546012838.|
   41.037  0x000C 1236  len=17  63 40 40 41 45 47 32 36 34 20 31 30 37 31 33 35 0d  |c@@AEG264 107135.|
   41.127  0x000C 1236  len=17  64 40 40 41 45 47 32 36 34 20 20 31 35 2d 32 30 0d  |d@@AEG264  15-20.|
   41.247  0x000C 1236  len=17  65 40 40 51 45 47 31 34 39 32 32 38 20 77 39 33 0d  |e@@QEG149228 w93.|
   41.337  0x000C 1236  len=17  66 40 40 51 45 48 2d 2d 2d 30 30 20 31 38 33 34 0d  |f@@QEH---00 1834.|
   41.427  0x000C 1236  len=17  62 40 40 51 45 49 20 35 34 36 30 31 32 38 34 42 0d  |b@@QEI 54601284B.|
   41.547  0x000C 1236  len=17  63 40 40 51 46 40 32 36 34 20 31 31 33 31 33 43 0d  |c@@QF@264 11313C.|
   41.637  0x000C 1236  len=17  64 40 40 51 46 41 32 34 35 20 20 31 36 2d 32 42 0d  |d@@QFA245  16-2B.|
   41.727  0x000C 1236  len=17  65 40 40 51 46 42 31 34 39 32 32 35 20 77 38 43 0d  |e@@QFB149225 w8C.|
   41.847  0x000C 1236  len=17  61 40 40 51 46 44 30 30 30 35 30 20 20 20 31 31 0d  |a@@QFD00050   11.|
   41.937  0x000C 1236  len=17  78 40 40 41 46 44 29 30 38 3f 45 4a 4e 51 43 31 0d  |x@@AFD)08?EJNQC1.|
   42.027  0x000C 1236  len=17  79 40 40 41 46 45 52 53 51 4e 4b 48 45 42 32 33 0d  |y@@AFERSQNKHEB23.|
   42.147  0x000C 1236  len=17  7a 40 40 41 46 45 3e 3a 36 32 2e 2a 26 21 34 35 0d  |z@@AFE>:62.*&!45.|
   42.237  0x000C 1236  len=17  65 40 40 41 46 45 31 35 36 32 32 35 20 77 37 44 0d  |e@@AFE156225 w7D.|
   42.327  0x000C 1236  len=17  66 40 40 41 46 45 2d 2d 2d 30 30 20 31 38 32 32 0d  |f@@AFE---00 1822.|
   42.447  0x000C 1236  len=17  62 40 40 41 46 46 20 35 37 34 37 31 32 39 34 32 0d  |b@@AFF 574712942.|
   42.537  0x000C 1236  len=17  63 40 40 41 46 46 32 32 34 20 31 31 33 31 32 45 0d  |c@@AFF224 11312E.|
   42.627  0x000C 1236  len=17  64 40 40 41 46 46 32 34 35 20 20 31 36 2d 32 30 0d  |d@@AFF245  16-20.|
   42.747  0x000C 1236  len=17  65 40 40 41 46 46 31 35 36 32 32 35 20 77 37 45 0d  |e@@AFF156225 w7E.|
   42.837  0x000C 1236  len=17  61 40 40 41 46 47 30 30 30 35 31 20 20 20 30 35 0d  |a@@AFG00051   05.|
   42.927  0x000C 1236  len=17  62 40 40 41 46 47 20 35 37 34 37 31 32 39 34 33 0d  |b@@AFG 574712943.|
   43.047  0x000C 1236  len=17  63 40 40 41 46 47 32 32 34 20 31 31 33 31 32 46 0d  |c@@AFG224 11312F.|
   43.137  0x000C 1236  len=17  64 40 40 41 46 47 32 34 35 20 20 31 36 2d 32 31 0d  |d@@AFG245  16-21.|
   43.227  0x000C 1236  len=17  65 40 40 41 46 47 31 35 36 32 32 35 20 77 37 46 0d  |e@@AFG156225 w7F.|
   43.347  0x000C 1236  len=17  66 40 40 41 46 48 2d 2d 2d 30 30 20 31 38 32 35 0d  |f@@AFH---00 1825.|
   43.437  0x000C 1236  len=17  62 40 40 41 46 48 20 35 37 34 37 31 32 39 34 34 0d  |b@@AFH 574712944.|
   43.527  0x000C 1236  len=17  63 40 40 51 46 48 32 32 34 20 31 31 33 31 34 30 0d  |c@@QFH224 113140.|
   43.647  0x000C 1236  len=17  64 40 40 51 46 49 32 35 35 20 20 31 37 2d 33 35 0d  |d@@QFI255  17-35.|
   43.737  0x000C 1236  len=17  65 40 40 51 47 40 31 35 36 32 32 33 20 77 38 37 0d  |e@@QG@156223 w87.|
   43.827  0x000C 1236  len=17  61 40 40 51 47 41 30 30 30 35 32 20 20 20 31 31 0d  |a@@QGA00052   11.|
   43.947  0x000C 1236  len=17  62 40 40 51 47 42 20 35 37 34 37 31 32 39 34 46 0d  |b@@QGB 57471294F.|
   44.037  0x000C 1236  len=17  63 40 40 51 47 43 32 32 34 20 31 31 39 36 34 37 0d  |c@@QGC224 119647.|
   44.127  0x000C 1236  len=17  64 40 40 51 47 44 32 35 35 20 20 31 37 2d 33 31 0d  |d@@QGD255  17-31.|
   44.247  0x000C 1236  len=17  78 40 40 41 47 44 2a 31 39 40 46 4b 4f 51 43 39 0d  |x@@AGD*19@FKOQC9.|
   44.337  0x000C 1236  len=17  79 40 40 41 47 46 53 53 52 50 4d 4a 47 43 33 30 0d  |y@@AGFSSRPMJGC30.|
   44.427  0x000C 1236  len=17  7a 40 40 41 47 46 3f 3b 37 32 2c 28 25 21 34 35 0d  |z@@AGF?;72,(%!45.|
   44.547  0x000C 1236  len=17  63 40 40 41 47 46 32 34 35 20 31 31 39 36 33 44 0d  |c@@AGF245 11963D.|
   44.637  0x000C 1236  len=17  64 40 40 41 47 46 32 35 35 20 20 31 37 2d 32 33 0d  |d@@AGF255  17-23.|
   44.727  0x000C 1236  len=17  65 40 40 41 47 47 31 35 32 32 32 33 20 77 37 41 0d  |e@@AGG152223 w7A.|
   44.847  0x000C 1236  len=17  61 40 40 41 47 47 30 30 30 35 33 20 20 20 30 38 0d  |a@@AGG00053   08.|
   44.937  0x000C 1236  len=17  62 40 40 41 47 47 20 35 38 35 39 31 32 35 34 34 0d  |b@@AGG 585912544.|
   45.027  0x000C 1236  len=17  63 40 40 41 47 47 32 34 35 20 31 31 39 36 33 45 0d  |c@@AGG245 11963E.|
   45.147  0x000C 1236  len=17  64 40 40 41 47 48 32 35 35 20 20 31 37 2d 32 35 0d  |d@@AGH255  17-25.|
   45.237  0x000C 1236  len=17  65 40 40 41 47 48 31 35 32 32 32 33 20 77 37 42 0d  |e@@AGH152223 w7B.|
   45.327  0x000C 1236  len=17  66 40 40 41 47 48 2d 2d 2d 30 30 20 31 37 32 35 0d  |f@@AGH---00 1725.|
   45.447  0x000C 1236  len=17  62 40 40 41 47 48 20 35 38 35 39 31 32 35 34 35 0d  |b@@AGH 585912545.|
   45.537  0x000C 1236  len=17  63 40 40 41 47 48 32 34 35 20 31 31 39 36 33 46 0d  |c@@AGH245 11963F.|
   45.627  0x000C 1236  len=17  64 40 40 41 47 49 32 35 35 20 20 31 37 2d 32 36 0d  |d@@AGI255  17-26.|
   45.747  0x000C 1236  len=17  65 40 40 41 47 49 31 35 32 32 32 33 20 77 37 43 0d  |e@@AGI152223 w7C.|
   45.837  0x000C 1236  len=17  61 40 40 41 47 49 30 30 30 35 34 20 20 20 30 42 0d  |a@@AGI00054   0B.|
   45.927  0x000C 1236  len=17  62 40 40 51 47 49 20 35 38 35 39 31 32 35 35 36 0d  |b@@QGI 585912556.|
   46.047  0x000C 1236  len=17  63 40 40 51 48 40 32 34 35 20 31 32 35 37 34 36 0d  |c@@QH@245 125746.|
   46.137  0x000C 1236  len=17  64 40 40 51 48 41 32 35 35 20 20 31 38 2d 33 30 0d  |d@@QHA255  18-30.|
   46.227  0x000C 1236  len=17  65 40 40 51 48 42 31 35 32 32 32 30 20 77 38 33 0d  |e@@QHB152220 w83.|
   46.347  0x000C 1236  len=17  66 40 40 51 48 44 2d 2d 2d 30 30 20 31 37 33 32 0d  |f@@QHD---00 1732.|
   46.437  0x000C 1236  len=17  62 40 40 51 48 45 20 35 38 35 39 31 32 35 35 33 0d  |b@@QHE 585912553.|
   46.527  0x000C 1236  len=17  78 40 40 41 48 45 2d 35 3d 44 49 4d 51 53 45 33 0d  |x@@AHE-5=DIMQSE3.|
   46.647  0x000C 1236  len=17  79 40 40 41 48 46 54 54 52 50 4c 49 46 42 32 46 0d  |y@@AHFTTRPLIFB2F.|
   46.737  0x000C 1236  len=17  7a 40 40 41 48 46 3e 3a 36 32 2e 29 25 21 34 36 0d  |z@@AHF>:62.)%!46.|
   46.827  0x000C 1236  len=17  61 40 40 41 48 46 30 30 30 35 35 20 20 20 30 41 0d  |a@@AHF00055   0A.|
   46.947  0x000C 1236  len=17  62 40 40 41 48 46 20 36 30 39 30 31 32 38 33 42 0d  |b@@AHF 60901283B.|
   47.037  0x000C 1236  len=17  63 40 40 41 48 48 32 34 39 20 31 32 35 37 34 32 0d  |c@@AHH249 125742.|
   47.127  0x000C 1236  len=17  64 40 40 41 48 48 32 35 35 20 20 31 38 2d 32 37 0d  |d@@AHH255  18-27.|
   47.247  0x000C 1236  len=17  65 40 40 41 48 48 31 35 32 32 32 30 20 77 37 39 0d  |e@@AHH152220 w79.|
   47.337  0x000C 1236  len=17  66 40 40 41 48 48 2d 2d 2d 30 30 20 31 37 32 36 0d  |f@@AHH---00 1726.|
   47.427  0x000C 1236  len=17  62 40 40 41 48 49 20 36 30 39 30 31 32 38 33 45 0d  |b@@AHI 60901283E.|
   47.547  0x000C 1236  len=17  63 40 40 41 48 49 32 34 39 20 31 32 35 37 34 33 0d  |c@@AHI249 125743.|
   47.637  0x000C 1236  len=17  64 40 40 41 48 49 32 35 35 20 20 31 38 2d 32 38 0d  |d@@AHI255  18-28.|
   47.727  0x000C 1236  len=17  65 40 40 41 48 49 31 35 32 32 32 30 20 77 37 41 0d  |e@@AHI152220 w7A.|
   47.847  0x000C 1236  len=17  61 40 40 41 49 40 30 30 30 35 36 20 20 20 30 36 0d  |a@@AI@00056   06.|
   47.937  0x000C 1236  len=17  62 40 40 41 49 40 20 36 30 39 30 31 32 38 33 36 0d  |b@@AI@ 609012836.|
   48.027  0x000C 1236  len=17  63 40 40 41 49 40 32 34 39 20 31 32 35 37 33 42 0d  |c@@AI@249 12573B.|
   48.147  0x000C 1236  len=17  64 40 40 41 49 40 32 35 35 20 20 31 38 2d 32 30 0d  |d@@AI@255  18-20.|
   48.237  0x000C 1236  len=17  65 40 40 41 49 41 31 35 32 32 32 30 20 77 37 33 0d  |e@@AIA152220 w73.|
   48.327  0x000C 1236  len=17  66 40 40 51 49 41 2d 2d 2d 30 30 20 31 38 33 31 0d  |f@@QIA---00 1831.|
   48.447  0x000C 1236  len=17  62 40 40 51 49 42 20 36 30 39 30 31 32 38 34 38 0d  |b@@QIB 609012848.|
   48.537  0x000C 1236  len=17  63 40 40 51 49 43 32 34 39 20 31 33 31 35 34 39 0d  |c@@QIC249 131549.|
   48.627  0x000C 1236  len=17  64 40 40 51 49 44 32 35 31 20 20 31 39 2d 33 31 0d  |d@@QID251  19-31.|
   48.747  0x000C 1236  len=17  65 40 40 51 49 45 31 35 32 32 31 38 20 77 38 45 0d  |e@@QIE152218 w8E.|
   48.837  0x000C 1236  len=17  61 40 40 51 49 46 30 30 30 35 37 20 20 20 31 44 0d  |a@@QIF00057   1D.|
   48.927  0x000C 1236  len=17  78 40 40 41 49 48 2c 33 3c 43 49 4e 52 54 45 35 0d  |x@@AIH,3<CINRTE5.|
   49.047  0x000C 1236  len=17  79 40 40 41 49 48 56 55 54 51 4d 4a 46 42 33 41 0d  |y@@AIHVUTQMJFB3A.|
   49.137  0x000C 1236  len=17  7a 40 40 41 49 48 3e 3a 35 31 2d 28 25 21 34 35 0d  |z@@AIH>:51-(%!45.|
   49.227  0x000C 1236  len=17  65 40 40 41 49 48 31 35 31 32 31 38 20 77 38 30 0d  |e@@AIH151218 w80.|
   49.347  0x000C 1236  len=17  66 40 40 41 49 49 2d 2d 2d 30 30 20 31 38 32 39 0d  |f@@AII---00 1829.|
   49.437  0x000C 1236  len=17  62 40 40 41 49 49 20 36 30 35 32 31 32 35 33 41 0d  |b@@AII 60521253A.|
   49.527  0x000C 1236  len=17  63 40 40 41 49 49 32 35 35 20 31 33 31 35 33 43 0d  |c@@AII255 13153C.|
   49.647  0x000C 1236  len=17  64 40 40 41 49 49 32 35 31 20 20 31 39 2d 32 36 0d  |d@@AII251  19-26.|
   49.737  0x000C 1236  len=17  65 40 40 42 40 40 31 35 31 32 31 38 20 77 37 30 0d  |e@@B@@151218 w70.|
   49.827  0x000C 1236  len=17  61 40 40 42 40 40 30 30 30 35 38 2c 31 37 33 34 0d  |a@@B@@00058,1734.|
   49.947  0x000C 1236  len=17  62 40 40 42 40 40 20 36 30 35 32 31 32 35 32 39 0d  |b@@B@@ 605212529.|
   50.037  0x000C 1236  len=17  63 40 40 42 40 40 32 35 35 20 31 33 31 35 32 42 0d  |c@@B@@255 13152B.|
   50.127  0x000C 1236  len=17  64 40 40 42 40 41 32 35 31 20 20 31 39 2d 31 36 0d  |d@@B@A251  19-16.|
   50.247  0x000C 1236  len=17  65 40 40 42 40 41 31 35 31 32 31 38 20 77 37 31 0d  |e@@B@A151218 w71.|
   50.337  0x000C 1236  len=17  66 40 40 42 40 41 2d 2d 2d 30 30 20 31 38 31 39 0d  |f@@B@A---00 1819.|
   50.427  0x000C 1236  len=17  62 40 40 42 40 41 20 36 30 35 32 31 32 35 32 41 0d  |b@@B@A 60521252A.|
   50.547  0x000C 1236  len=17  63 40 40 42 40 42 32 35 35 20 31 33 31 35 32 44 0d  |c@@B@B255 13152D.|
   50.637  0x000C 1236  len=17  64 40 40 42 40 42 32 35 31 20 20 31 39 2d 31 37 0d  |d@@B@B251  19-17.|
   50.727  0x000C 1236  len=17  65 40 40 52 40 42 31 35 31 32 31 38 20 77 38 32 0d  |e@@R@B151218 w82.|
   50.847  0x000C 1236  len=17  61 40 40 52 40 43 30 30 30 35 38 2c 31 37 34 37 0d  |a@@R@C00058,1747.|
   50.937  0x000C 1236  len=17  62 40 40 52 40 44 20 36 30 35 32 31 32 35 33 44 0d  |b@@R@D 60521253D.|
   51.027  0x000C 1236  len=17  63 40 40 52 40 45 32 35 35 20 31 33 36 37 34 37 0d  |c@@R@E255 136747.|
   51.147  0x000C 1236  len=17  64 40 40 52 40 46 32 35 31 20 20 32 30 2d 32 33 0d  |d@@R@F251  20-23.|
   51.237  0x000C 1236  len=17  65 40 40 52 40 47 31 35 31 32 31 37 20 77 38 36 0d  |e@@R@G151217 w86.|
   51.327  0x000C 1236  len=17  78 40 40 42 40 47 29 2f 35 3c 41 45 48 4c 41 34 0d  |x@@B@G)/5<AEHLA4.|
   51.447  0x000C 1236  len=17  79 40 40 42 40 47 4e 4e 4d 4b 49 47 44 41 30 42 0d  |y@@B@GNNMKIGDA0B.|
   51.537  0x000C 1236  len=17  7a 40 40 42 40 48 3d 39 35 30 2c 27 24 21 33 37 0d  |z@@B@H=950,'$!37.|
   51.627  0x000C 1236  len=17  64 40 40 42 40 48 32 35 31 20 20 32 30 2d 31 35 0d  |d@@B@H251  20-15.|
   51.747  0x000C 1236  len=17  65 40 40 42 40 48 31 35 31 32 31 37 20 77 37 37 0d  |e@@B@H151217 w77.|
   51.837  0x000C 1236  len=17  61 40 40 42 40 48 30 30 30 35 38 2c 31 37 33 43 0d  |a@@B@H00058,173C.|
   51.927  0x000C 1236  len=17  62 40 40 42 40 49 20 35 32 37 33 31 32 36 33 37 0d  |b@@B@I 527312637.|
   52.047  0x000C 1236  len=17  63 40 40 42 40 49 32 35 33 20 31 33 36 37 33 39 0d  |c@@B@I253 136739.|
   52.137  0x000C 1236  len=17  64 40 40 42 40 49 32 35 31 20 20 32 30 2d 31 36 0d  |d@@B@I251  20-16.|
   52.227  0x000C 1236  len=17  65 40 40 42 40 49 31 35 31 32 31 37 20 77 37 38 0d  |e@@B@I151217 w78.|
   52.347  0x000C 1236  len=17  66 40 40 42 41 41 2d 2d 2d 30 30 20 31 38 31 41 0d  |f@@BAA---00 181A.|
   52.437  0x000C 1236  len=17  62 40 40 42 41 41 20 35 32 37 33 31 32 36 33 30 0d  |b@@BAA 527312630.|
   52.527  0x000C 1236  len=17  63 40 40 42 41 41 32 35 33 20 31 33 36 37 33 32 0d  |c@@BAA253 136732.|
   52.647  0x000C 1236  len=17  64 40 40 42 41 41 32 35 31 20 20 32 30 2d 30 46 0d  |d@@BAA251  20-0F.|
   52.737  0x000C 1236  len=17  65 40 40 42 41 42 31 35 31 32 31 37 20 77 37 32 0d  |e@@BAB151217 w72.|
   52.827  0x000C 1236  len=17  61 40 40 42 41 42 30 30 31 30 31 20 20 20 46 38 0d  |a@@BAB00101   F8.|
   52.947  0x000C 1236  len=17  62 40 40 42 41 42 20 35 32 37 33 31 32 36 33 31 0d  |b@@BAB 527312631.|
   53.037  0x000C 1236  len=17  63 40 40 42 41 42 32 35 33 20 31 33 36 37 33 33 0d  |c@@BAB253 136733.|
   53.127  0x000C 1236  len=17  64 40 40 52 41 43 32 34 37 20 20 32 31 2d 32 37 0d  |d@@RAC247  21-27.|
   53.247  0x000C 1236  len=17  65 40 40 52 41 43 31 35 31 32 31 35 20 77 38 31 0d  |e@@RAC151215 w81.|
   53.337  0x000C 1236  len=17  66 40 40 52 41 44 2d 2d 2d 30 30 20 31 37 32 43 0d  |f@@RAD---00 172C.|
   53.427  0x000C 1236  len=17  62 40 40 52 41 45 20 35 32 37 33 31 32 36 34 34 0d  |b@@RAE 527312644.|
   53.547  0x000C 1236  len=17  63 40 40 52 41 46 32 35 33 20 31 34 30 31 33 43 0d  |c@@RAF253 14013C.|
   53.637  0x000C 1236  len=17  64 40 40 52 41 47 32 34 37 20 20 32 31 2d 32 42 0d  |d@@RAG247  21-2B.|
   53.727  0x000C 1236  len=17  65 40 40 52 41 48 31 35 31 32 31 35 20 77 38 36 0d  |e@@RAH151215 w86.|
   53.847  0x000C 1236  len=17  61 40 40 42 41 48 30 30 31 30 32 20 20 20 46 46 0d  |a@@BAH00102   FF.|
   53.937  0x000C 1236  len=17  78 40 40 42 41 49 2b 30 36 3b 3e 41 42 44 39 35 0d  |x@@BAI+06;>ABD95.|
   54.027  0x000C 1236  len=17  79 40 40 42 41 49 45 45 45 44 43 42 41 3f 44 44 0d  |y@@BAIEEEDCBA?DD.|
   54.147  0x000C 1236  len=17  7a 40 40 42 41 49 3c 39 36 32 2d 28 24 21 33 44 0d  |z@@BAI<962-($!3D.|
   54.237  0x000C 1236  len=17  65 40 40 42 41 49 31 35 37 32 31 35 20 77 37 44 0d  |e@@BAI157215 w7D.|
   54.327  0x000C 1236  len=17  66 40 40 42 42 40 2d 2d 2d 30 30 20 31 37 31 39 0d  |f@@BB@---00 1719.|
   54.447  0x000C 1236  len=17  62 40 40 42 42 40 20 34 37 36 33 31 32 35 33 32 0d  |b@@BB@ 476312532.|
   54.537  0x000C 1236  len=17  63 40 40 42 42 40 32 31 38 20 31 34 30 31 32 38 0d  |c@@BB@218 140128.|
   54.627  0x000C 1236  len=17  64 40 40 42 42 40 32 34 37 20 20 32 31 2d 31 35 0d  |d@@BB@247  21-15.|
   54.747  0x000C 1236  len=17  65 40 40 42 42 41 31 35 37 32 31 35 20 77 37 36 0d  |e@@BBA157215 w76.|
   54.837  0x000C 1236  len=17  61 40 40 42 42 41 30 30 31 30 33 20 20 20 46 41 0d  |a@@BBA00103   FA.|
   54.927  0x000C 1236  len=17  62 40 40 42 42 41 20 34 37 36 33 31 32 35 33 33 0d  |b@@BBA 476312533.|
   55.047  0x000C 1236  len=17  63 40 40 42 42 41 32 31 38 20 31 34 30 31 32 39 0d  |c@@BBA218 140129.|
   55.137  0x000C 1236  len=17  64 40 40 42 42 42 32 34 37 20 20 32 31 2d 31 37 0d  |d@@BBB247  21-17.|
   55.227  0x000C 1236  len=17  65 40 40 42 42 42 31 35 37 32 31 35 20 77 37 37 0d  |e@@BBB157215 w77.|
   55.347  0x000C 1236  len=17  66 40 40 42 42 42 2d 2d 2d 30 30 20 31 37 31 42 0d  |f@@BBB---00 171B.|
   55.437  0x000C 1236  len=17  62 40 40 42 42 42 20 34 37 36 33 31 32 35 33 34 0d  |b@@BBB 476312534.|
   55.527  0x000C 1236  len=17  63 40 40 52 42 43 32 31 38 20 31 34 30 31 33 42 0d  |c@@RBC218 14013B.|
   55.647  0x000C 1236  len=17  64 40 40 52 42 43 32 34 38 20 20 32 32 2d 32 41 0d  |d@@RBC248  22-2A.|
   55.737  0x000C 1236  len=17  65 40 40 52 42 44 31 35 37 32 31 35 20 77 38 39 0d  |e@@RBD157215 w89.|
   55.827  0x000C 1236  len=17  61 40 40 52 42 44 30 30 31 30 34 20 20 20 30 45 0d  |a@@RBD00104   0E.|
   55.947  0x000C 1236  len=17  62 40 40 52 42 45 20 34 37 36 33 31 32 35 34 37 0d  |b@@RBE 476312547.|
   56.037  0x000C 1236  len=17  63 40 40 52 42 46 32 31 38 20 31 34 32 32 34 31 0d  |c@@RBF218 142241.|
   56.127  0x000C 1236  len=17  64 40 40 52 42 47 32 34 38 20 20 32 32 2d 32 45 0d  |d@@RBG248  22-2E.|
   56.247  0x000C 1236  len=17  65 40 40 52 42 47 31 35 37 32 31 35 20 77 38 43 0d  |e@@RBG157215 w8C.|
   56.337  0x000C 1236  len=17  78 40 40 42 42 48 28 2b 2e 31 32 34 36 37 34 39 0d  |x@@BBH(+.1246749.|
   56.427  0x000C 1236  len=17  79 40 40 42 42 48 38 3a 3a 3b 3b 3c 3b 3b 39 39 0d  |y@@BBH8::;;<;;99.|
   56.547  0x000C 1236  len=17  7a 40 40 42 42 48 39 36 33 2f 2b 27 21 21 32 42 0d  |z@@BBH963/+'!!2B.|
   56.637  0x000C 1236  len=17  64 40 40 42 42 48 32 34 38 20 20 32 32 2d 31 46 0d  |d@@BBH248  22-1F.|
   56.727  0x000C 1236  len=17  65 40 40 42 42 49 32 30 30 32 31 35 20 77 37 33 0d  |e@@BBI200215 w73.|
   56.847  0x000C 1236  len=17  61 40 40 42 42 49 30 30 31 30 35 20 20 20 30 34 0d  |a@@BBI00105   04.|
   56.937  0x000C 1236  len=17  62 40 40 42 42 49 20 33 34 39 36 31 32 33 33 42 0d  |b@@BBI 34961233B.|
   57.027  0x000C 1236  len=17  63 40 40 42 42 49 31 39 38 20 31 34 32 32 33 42 0d  |c@@BBI198 14223B.|
   57.147  0x000C 1236  len=17  64 40 40 42 43 40 32 34 38 20 20 32 32 2d 31 38 0d  |d@@BC@248  22-18.|
   57.237  0x000C 1236  len=17  65 40 40 42 43 40 32 30 30 32 31 35 20 77 36 42 0d  |e@@BC@200215 w6B.|
   57.327  0x000C 1236  len=17  66 40 40 42 43 40 2d 2d 2d 30 30 20 31 36 31 39 0d  |f@@BC@---00 1619.|
   57.447  0x000C 1236  len=17  62 40 40 42 43 40 20 33 34 39 36 31 32 33 33 33 0d  |b@@BC@ 349612333.|
   57.537  0x000C 1236  len=17  63 40 40 42 43 41 31 39 38 20 31 34 32 32 33 34 0d  |c@@BCA198 142234.|
   57.627  0x000C 1236  len=17  64 40 40 42 43 41 32 34 38 20 20 32 32 2d 31 39 0d  |d@@BCA248  22-19.|
   57.747  0x000C 1236  len=17  65 40 40 42 43 41 32 30 30 32 31 35 20 77 36 43 0d  |e@@BCA200215 w6C.|
   57.837  0x000C 1236  len=17  61 40 40 42 43 41 30 30 31 30 36 20 20 20 46 45 0d  |a@@BCA00106   FE.|
   57.927  0x000C 1236  len=17  62 40 40 42 43 42 20 33 34 39 36 31 32 33 33 35 0d  |b@@BCB 349612335.|
   58.047  0x000C 1236  len=17  63 40 40 42 43 42 31 39 38 20 31 34 32 32 33 35 0d  |c@@BCB198 142235.|
   58.137  0x000C 1236  len=17  64 40 40 42 43 42 32 34 38 20 20 32 32 2d 31 41 0d  |d@@BCB248  22-1A.|
   58.227  0x000C 1236  len=17  65 40 40 42 43 42 32 30 30 32 31 35 20 77 36 44 0d  |e@@BCB200215 w6D.|
   58.347  0x000C 1236  len=17  66 40 40 52 43 43 2d 2d 2d 30 30 20 31 38 32 45 0d  |f@@RCC---00 182E.|
   58.437  0x000C 1236  len=17  62 40 40 52 43 43 20 33 34 39 36 31 32 33 34 36 0d  |b@@RCC 349612346.|
   58.527  0x000C 1236  len=17  63 40 40 52 43 43 31 39 38 20 31 34 31 34 34 37 0d  |c@@RCC198 141447.|
   58.647  0x000C 1236  len=17  64 40 40 52 43 44 32 31 32 20 20 32 33 2d 32 34 0d  |d@@RCD212  23-24.|
   58.737  0x000C 1236  len=17  65 40 40 52 43 45 32 30 30 32 31 35 20 77 38 30 0d  |e@@RCE200215 w80.|
   58.827  0x000C 1236  len=17  61 40 40 52 43 46 30 30 31 30 37 20 20 20 31 34 0d  |a@@RCF00107   14.|
   58.947  0x000C 1236  len=17  62 40 40 52 43 46 20 33 34 39 36 31 32 33 34 39 0d  |b@@RCF 349612349.|
   59.037  0x000C 1236  len=17  63 40 40 52 43 47 31 39 38 20 31 34 31 34 34 42 0d  |c@@RCG198 14144B.|
   59.127  0x000C 1236  len=17  64 40 40 52 43 47 32 31 32 20 20 32 33 2d 32 37 0d  |d@@RCG212  23-27.|
   59.247  0x000C 1236  len=17  78 40 40 42 43 48 27 2b 2e 31 34 36 37 39 35 30 0d  |x@@BCH'+.1467950.|
   59.337  0x000C 1236  len=17  79 40 40 42 43 48 3a 3a 3b 3b 3b 3b 39 38 39 37 0d  |y@@BCH::;;;;9897.|
   59.427  0x000C 1236  len=17  7a 40 40 42 43 48 36 34 32 2e 2a 27 21 21 32 34 0d  |z@@BCH642.*'!!24.|
   59.547  0x000C 1236  len=17  63 40 40 42 43 49 31 32 34 20 31 34 31 34 33 32 0d  |c@@BCI124 141432.|
   59.637  0x000C 1236  len=17  64 40 40 42 43 49 32 31 32 20 20 32 33 2d 31 39 0d  |d@@BCI212  23-19.|
   59.727  0x000C 1236  len=17  65 40 40 42 43 49 32 32 31 32 31 35 20 77 37 37 0d  |e@@BCI221215 w77.|
   59.847  0x000C 1236  len=17  61 40 40 42 43 49 30 30 31 30 38 20 20 20 30 38 0d  |a@@BCI00108   08.|
   59.937  0x000C 1236  len=17  62 40 40 42 44 40 20 33 34 31 39 31 32 33 32 46 0d  |b@@BD@ 34191232F.|
   60.027  0x000C 1236  len=17  63 40 40 42 44 40 31 32 34 20 31 34 31 34 32 41 0d  |c@@BD@124 14142A.|
   60.147  0x000C 1236  len=17  64 40 40 42 44 40 32 31 32 20 20 32 33 2d 31 31 0d  |d@@BD@212  23-11.|
   60.237  0x000C 1236  len=17  65 40 40 42 44 40 32 32 31 32 31 35 20 77 36 46 0d  |e@@BD@221215 w6F.|
   60.327  0x000C 1236  len=17  66 40 40 42 44 41 2d 2d 2d 30 30 20 31 38 31 44 0d  |f@@BDA---00 181D.|
   60.448  0x000C 1236  len=17  62 40 40 42 44 41 20 33 34 31 39 31 32 33 33 30 0d  |b@@BDA 341912330.|
   60.537  0x000C 1236  len=17  63 40 40 42 44 41 31 32 34 20 31 34 31 34 32 42 0d  |c@@BDA124 14142B.|
   60.627  0x000C 1236  len=17  64 40 40 42 44 41 32 31 32 20 20 32 33 2d 31 32 0d  |d@@BDA212  23-12.|
   60.747  0x000C 1236  len=17  65 40 40 42 44 41 32 32 31 32 31 35 20 77 37 30 0d  |e@@BDA221215 w70.|
   60.837  0x000C 1236  len=17  61 40 40 42 44 42 30 30 31 30 39 20 20 20 30 33 0d  |a@@BDB00109   03.|
   60.927  0x000C 1236  len=17  62 40 40 42 44 42 20 33 34 31 39 31 32 33 33 31 0d  |b@@BDB 341912331.|
   61.047  0x000C 1236  len=17  63 40 40 42 44 42 31 32 34 20 31 34 31 34 32 43 0d  |c@@BDB124 14142C.|
   61.137  0x000C 1236  len=17  64 40 40 52 44 42 32 31 35 20 20 32 34 2d 32 37 0d  |d@@RDB215  24-27.|
   61.227  0x000C 1236  len=17  65 40 40 52 44 43 32 32 31 32 31 35 20 77 38 32 0d  |e@@RDC221215 w82.|
   61.347  0x000C 1236  len=17  66 40 40 52 44 43 2d 2d 2d 30 30 20 31 36 32 44 0d  |f@@RDC---00 162D.|
   61.437  0x000C 1236  len=17  62 40 40 52 44 44 20 33 34 31 39 31 32 33 34 33 0d  |b@@RDD 341912343.|
   61.527  0x000C 1236  len=17  63 40 40 52 44 44 31 32 34 20 31 34 30 36 33 46 0d  |c@@RDD124 14063F.|
   61.647  0x000C 1236  len=17  64 40 40 52 44 45 32 31 35 20 20 32 34 2d 32 41 0d  |d@@RDE215  24-2A.|
   61.737  0x000C 1236  len=17  65 40 40 52 44 46 32 32 31 32 31 35 20 77 38 35 0d  |e@@RDF221215 w85.|
   61.827  0x000C 1236  len=17  61 40 40 52 44 47 30 30 31 31 30 20 20 20 31 30 0d  |a@@RDG00110   10.|
   61.947  0x000C 1236  len=17  62 40 40 52 44 47 20 33 34 31 39 31 32 33 34 36 0d  |b@@RDG 341912346.|
   62.037  0x000C 1236  len=17  78 40 40 42 44 47 27 2a 2d 2f 31 33 35 36 34 31 0d  |x@@BDG'*-/135641.|
   62.127  0x000C 1236  len=17  79 40 40 42 44 48 37 38 37 37 38 38 38 38 38 34 0d  |y@@BDH7877888884.|
   62.247  0x000C 1236  len=17  7a 40 40 42 44 48 36 35 32 2f 2c 29 26 21 33 30 0d  |z@@BDH652/,)&!30.|
   62.337  0x000C 1236  len=17  66 40 40 42 44 48 2d 2d 2d 30 30 20 31 36 32 32 0d  |f@@BDH---00 1622.|
   62.427  0x000C 1236  len=17  62 40 40 42 44 49 20 33 32 34 34 31 32 38 33 39 0d  |b@@BDI 324412839.|
   62.547  0x000C 1236  len=17  63 40 40 42 44 49 31 32 33 20 31 34 30 36 33 33 0d  |c@@BDI123 140633.|
   62.637  0x000C 1236  len=17  64 40 40 42 44 49 32 31 35 20 20 32 34 2d 31 45 0d  |d@@BDI215  24-1E.|
   62.727  0x000C 1236  len=17  65 40 40 42 44 49 32 32 31 32 31 35 20 77 37 38 0d  |e@@BDI221215 w78.|
   62.847  0x000C 1236  len=17  61 40 40 42 44 49 30 30 31 31 31 20 20 20 30 33 0d  |a@@BDI00111   03.|
   62.937  0x000C 1236  len=17  62 40 40 42 45 40 20 33 32 34 34 31 32 38 33 31 0d  |b@@BE@ 324412831.|
   63.027  0x000C 1236  len=17  63 40 40 42 45 40 31 32 33 20 31 34 30 36 32 42 0d  |c@@BE@123 14062B.|
   63.147  0x000C 1236  len=17  64 40 40 42 45 40 32 31 35 20 20 32 34 2d 31 36 0d  |d@@BE@215  24-16.|
   63.237  0x000C 1236  len=17  65 40 40 42 45 40 32 32 31 32 31 35 20 77 37 30 0d  |e@@BE@221215 w70.|
   63.327  0x000C 1236  len=17  66 40 40 42 45 41 2d 2d 2d 30 30 20 31 36 31 43 0d  |f@@BEA---00 161C.|
   63.447  0x000C 1236  len=17  62 40 40 42 45 41 20 33 32 34 34 31 32 38 33 32 0d  |b@@BEA 324412832.|
   63.537  0x000C 1236  len=17  63 40 40 42 45 41 31 32 33 20 31 34 30 36 32 43 0d  |c@@BEA123 14062C.|
   63.627  0x000C 1236  len=17  64 40 40 42 45 41 32 31 35 20 20 32 34 2d 31 37 0d  |d@@BEA215  24-17.|
   63.747  0x000C 1236  len=17  65 40 40 42 45 42 32 32 31 32 31 35 20 77 37 32 0d  |e@@BEB221215 w72.|
   63.837  0x000C 1236  len=17  61 40 40 42 45 42 30 30 31 31 32 20 20 20 46 45 0d  |a@@BEB00112   FE.|
   63.927  0x000C 1236  len=17  62 40 40 52 45 42 20 33 32 34 34 31 32 38 34 33 0d  |b@@REB 324412843.|
   64.047  0x000C 1236  len=17  63 40 40 52 45 43 31 32 33 20 31 33 39 36 34 36 0d  |c@@REC123 139646.|
   64.137  0x000C 1236  len=17  64 40 40 52 45 43 32 31 32 20 20 32 35 2d 32 37 0d  |d@@REC212  25-27.|
   64.227  0x000C 1236  len=17  65 40 40 52 45 43 32 32 31 32 31 36 20 77 38 34 0d  |e@@REC221216 w84.|
   64.347  0x000C 1236  len=17  66 40 40 52 45 44 2d 2d 2d 30 30 20 31 35 32 45 0d  |f@@RED---00 152E.|
   64.437  0x000C 1236  len=17  62 40 40 52 45 45 20 33 32 34 34 31 32 38 34 36 0d  |b@@REE 324412846.|
   64.527  0x000C 1236  len=17  63 40 40 52 45 46 31 32 33 20 31 33 39 36 34 39 0d  |c@@REF123 139649.|
   64.647  0x000C 1236  len=17  64 40 40 52 45 46 32 31 32 20 20 32 35 2d 32 41 0d  |d@@REF212  25-2A.|
   64.737  0x000C 1236  len=17  65 40 40 52 45 47 32 32 31 32 31 36 20 77 38 38 0d  |e@@REG221216 w88.|
   64.827  0x000C 1236  len=17  61 40 40 42 45 47 30 30 31 31 33 20 20 20 30 34 0d  |a@@BEG00113   04.|
   64.947  0x000C 1236  len=17  78 40 40 42 45 48 27 2a 2d 2f 31 33 34 37 34 33 0d  |x@@BEH'*-/134743.|
   65.037  0x000C 1236  len=17  79 40 40 42 45 48 39 3a 3a 3a 3a 3a 39 38 39 34 0d  |y@@BEH9:::::9894.|
   65.127  0x000C 1236  len=17  7a 40 40 42 45 48 36 34 31 2e 2b 28 25 21 32 42 0d  |z@@BEH641.+(%!2B.|
   65.247  0x000C 1236  len=17  65 40 40 42 45 48 32 32 34 32 31 36 20 77 37 43 0d  |e@@BEH224216 w7C.|
   65.337  0x000C 1236  len=17  66 40 40 42 45 49 2d 2d 2d 30 30 20 31 35 32 33 0d  |f@@BEI---00 1523.|
   65.427  0x000C 1236  len=17  62 40 40 42 45 49 20 33 32 37 37 31 32 35 33 44 0d  |b@@BEI 32771253D.|
   65.547  0x000C 1236  len=17  63 40 40 42 45 49 31 31 35 20 31 33 39 36 33 44 0d  |c@@BEI115 13963D.|
   65.637  0x000C 1236  len=17  64 40 40 42 45 49 32 31 32 20 20 32 35 2d 31 44 0d  |d@@BEI212  25-1D.|
   65.727  0x000C 1236  len=17  65 40 40 42 45 49 32 32 34 32 31 36 20 77 37 44 0d  |e@@BEI224216 w7D.|
   65.847  0x000C 1236  len=17  61 40 40 42 46 40 30 30 31 31 34 20 20 20 46 46 0d  |a@@BF@00114   FF.|
   65.938  0x000C 1236  len=17  62 40 40 42 46 40 20 33 32 37 37 31 32 35 33 35 0d  |b@@BF@ 327712535.|
   66.027  0x000C 1236  len=17  63 40 40 42 46 40 31 31 35 20 31 33 39 36 33 35 0d  |c@@BF@115 139635.|
   66.147  0x000C 1236  len=17  64 40 40 42 46 40 32 31 32 20 20 32 35 2d 31 35 0d  |d@@BF@212  25-15.|
   66.237  0x000C 1236  len=17  65 40 40 42 46 41 32 32 34 32 31 36 20 77 37 36 0d  |e@@BFA224216 w76.|
   66.327  0x000C 1236  len=17  66 40 40 42 46 41 2d 2d 2d 30 30 20 31 35 31 43 0d  |f@@BFA---00 151C.|
   66.447  0x000C 1236  len=17  62 40 40 42 46 41 20 33 32 37 37 31 32 35 33 36 0d  |b@@BFA 327712536.|
   66.537  0x000C 1236  len=17  63 40 40 42 46 41 31 31 35 20 31 33 39 36 33 36 0d  |c@@BFA115 139636.|
   66.627  0x000C 1236  len=17  64 40 40 42 46 42 32 31 32 20 20 32 35 2d 31 37 0d  |d@@BFB212  25-17.|
   66.747  0x000C 1236  len=17  65 40 40 42 46 42 32 32 34 32 31 36 20 77 37 37 0d  |e@@BFB224216 w77.|
   66.837  0x000C 1236  len=17  61 40 40 52 46 42 30 30 31 31 35 20 20 20 31 32 0d  |a@@RFB00115   12.|
   66.927  0x000C 1236  len=17  62 40 40 52 46 43 20 33 32 37 37 31 32 35 34 38 0d  |b@@RFC 327712548.|
   67.047  0x000C 1236  len=17  63 40 40 52 46 43 31 31 35 20 31 33 38 35 34 36 0d  |c@@RFC115 138546.|
   67.137  0x000C 1236  len=17  64 40 40 52 46 44 32 30 38 20 20 32 36 2d 32 46 0d  |d@@RFD208  26-2F.|
   67.227  0x000C 1236  len=17  65 40 40 52 46 44 32 32 34 32 31 36 20 77 38 39 0d  |e@@RFD224216 w89.|
   67.347  0x000C 1236  len=17  66 40 40 52 46 45 2d 2d 2d 30 30 20 31 36 33 31 0d  |f@@RFE---00 1631.|
   67.437  0x000C 1236  len=17  62 40 40 52 46 46 20 33 32 37 37 31 32 35 34 42 0d  |b@@RFF 32771254B.|
   67.527  0x000C 1236  len=17  63 40 40 52 46 47 31 31 35 20 31 33 38 35 34 41 0d  |c@@RFG115 13854A.|
   67.647  0x000C 1236  len=17  64 40 40 52 46 47 32 30 38 20 20 32 36 2d 33 32 0d  |d@@RFG208  26-32.|
   67.737  0x000C 1236  len=17  78 40 40 42 46 47 29 2c 2f 32 33 35 36 38 35 33 0d  |x@@BFG),/2356853.|
   67.827  0x000C 1236  len=17  61 40 40 42 46 48 30 30 31 31 36 20 20 20 30 39 0d  |a@@BFH00116   09.|
   67.947  0x000C 1236  len=17  79 40 40 42 46 48 39 39 3a 39 39 39 39 39 39 32 0d  |y@@BFH99:9999992.|
   68.037  0x000C 1236  len=17  7a 40 40 42 46 48 37 36 33 30 2d 2a 27 24 33 43 0d  |z@@BFH7630-*'$3C.|
   68.128  0x000C 1236  len=17  64 40 40 42 46 48 32 30 38 20 20 32 36 2d 32 33 0d  |d@@BFH208  26-23.|
   68.247  0x000C 1236  len=17  65 40 40 42 46 49 32 32 35 32 31 36 20 77 37 46 0d  |e@@BFI225216 w7F.|
   68.337  0x000C 1236  len=17  66 40 40 42 46 49 2d 2d 2d 30 30 20 31 36 32 35 0d  |f@@BFI---00 1625.|
   68.427  0x000C 1236  len=17  62 40 40 42 46 49 20 33 35 34 33 31 33 31 33 37 0d  |b@@BFI 354313137.|
   68.548  0x000C 1236  len=17  63 40 40 42 46 49 31 31 34 20 31 33 38 35 33 42 0d  |c@@BFI114 13853B.|
   68.637  0x000C 1236  len=17  64 40 40 42 47 40 32 30 38 20 20 32 36 2d 31 43 0d  |d@@BG@208  26-1C.|
   68.728  0x000C 1236  len=17  65 40 40 42 47 40 32 32 35 32 31 36 20 77 37 37 0d  |e@@BG@225216 w77.|
   68.847  0x000C 1236  len=17  61 40 40 42 47 40 30 30 31 31 37 20 20 20 30 33 0d  |a@@BG@00117   03.|
   68.937  0x000C 1236  len=17  62 40 40 42 47 40 20 33 35 34 33 31 33 31 32 46 0d  |b@@BG@ 35431312F.|
   69.027  0x000C 1236  len=17  63 40 40 42 47 41 31 31 34 20 31 33 38 35 33 34 0d  |c@@BGA114 138534.|
   69.148  0x000C 1236  len=17  64 40 40 42 47 41 32 30 38 20 20 32 36 2d 31 44 0d  |d@@BGA208  26-1D.|
   69.237  0x000C 1236  len=17  65 40 40 42 47 41 32 32 35 32 31 36 20 77 37 38 0d  |e@@BGA225216 w78.|
   69.327  0x000C 1236  len=17  66 40 40 42 47 41 2d 2d 2d 30 30 20 31 36 31 45 0d  |f@@BGA---00 161E.|
   69.447  0x000C 1236  len=17  62 40 40 42 47 42 20 33 35 34 33 31 33 31 33 31 0d  |b@@BGB 354313131.|
   69.537  0x000C 1236  len=17  63 40 40 42 47 42 31 31 34 20 31 33 38 35 33 35 0d  |c@@BGB114 138535.|
   69.627  0x000C 1236  len=17  64 40 40 42 47 42 32 30 38 20 20 32 36 2d 31 45 0d  |d@@BGB208  26-1E.|
   69.747  0x000C 1236  len=17  65 40 40 52 47 42 32 32 35 32 31 36 20 77 38 39 0d  |e@@RGB225216 w89.|
   69.838  0x000C 1236  len=17  61 40 40 52 47 43 30 30 31 31 38 20 20 20 31 37 0d  |a@@RGC00118   17.|
   69.927  0x000C 1236  len=17  62 40 40 52 47 43 20 33 35 34 33 31 33 31 34 32 0d  |b@@RGC 354313142.|
   70.047  0x000C 1236  len=17  63 40 40 52 47 44 31 31 34 20 31 33 37 39 34 41 0d  |c@@RGD114 13794A.|
   70.137  0x000C 1236  len=17  64 40 40 52 47 44 32 30 35 20 20 32 37 2d 32 45 0d  |d@@RGD205  27-2E.|
   70.228  0x000C 1236  len=17  65 40 40 52 47 45 32 32 35 32 31 36 20 77 38 43 0d  |e@@RGE225216 w8C.|
   70.348  0x000C 1236  len=17  66 40 40 52 47 46 2d 2d 2d 30 30 20 31 36 33 33 0d  |f@@RGF---00 1633.|
   70.437  0x000C 1236  len=17  62 40 40 52 47 47 20 33 35 34 33 31 33 31 34 36 0d  |b@@RGG 354313146.|
   70.527  0x000C 1236  len=17  63 40 40 52 47 47 31 31 34 20 31 33 37 39 34 44 0d  |c@@RGG114 13794D.|
   70.648  0x000C 1236  len=17  78 40 40 42 47 48 28 2b 2e 31 33 35 36 38 35 31 0d  |x@@BGH(+.1356851.|
   70.738  0x000C 1236  len=17  79 40 40 42 47 48 39 3a 3a 3a 3a 3a 39 38 39 36 0d  |y@@BGH9:::::9896.|
   70.828  0x000C 1236  len=17  61 40 40 42 47 48 30 30 31 31 39 20 20 20 30 44 0d  |a@@BGH00119   0D.|
   70.947  0x000C 1236  len=17  7a 40 40 42 47 48 37 35 32 2f 2c 29 26 21 33 34 0d  |z@@BGH752/,)&!34.|
   71.038  0x000C 1236  len=17  63 40 40 42 47 49 31 32 31 20 31 33 37 39 33 44 0d  |c@@BGI121 13793D.|
   71.127  0x000C 1236  len=17  64 40 40 42 47 49 32 30 35 20 20 32 37 2d 32 33 0d  |d@@BGI205  27-23.|
   71.247  0x000C 1236  len=17  65 40 40 42 47 49 32 32 32 32 31 36 20 77 37 44 0d  |e@@BGI222216 w7D.|
   71.338  0x000C 1236  len=17  66 40 40 42 47 49 2d 2d 2d 30 30 20 31 36 32 36 0d  |f@@BGI---00 1626.|
   71.427  0x000C 1236  len=17  62 40 40 42 48 40 20 33 34 36 31 31 32 37 33 34 0d  |b@@BH@ 346112734.|
   71.548  0x000C 1236  len=17  63 40 40 42 48 40 31 32 31 20 31 33 37 39 33 35 0d  |c@@BH@121 137935.|
   71.637  0x000C 1236  len=17  64 40 40 42 48 40 32 30 35 20 20 32 37 2d 31 42 0d  |d@@BH@205  27-1B.|
   71.727  0x000C 1236  len=17  65 40 40 42 48 40 32 32 32 32 31 36 20 77 37 35 0d  |e@@BH@222216 w75.|
   71.847  0x000C 1236  len=17  61 40 40 42 48 41 30 30 31 32 30 20 20 20 46 46 0d  |a@@BHA00120   FF.|
   71.938  0x000C 1236  len=17  62 40 40 42 48 41 20 33 34 36 31 31 32 37 33 35 0d  |b@@BHA 346112735.|
   72.028  0x000C 1236  len=17  63 40 40 42 48 41 31 32 31 20 31 33 37 39 33 36 0d  |c@@BHA121 137936.|
   72.147  0x000C 1236  len=17  64 40 40 42 48 41 32 30 35 20 20 32 37 2d 31 43 0d  |d@@BHA205  27-1C.|
   72.237  0x000C 1236  len=17  65 40 40 42 48 42 32 32 32 32 31 36 20 77 37 37 0d  |e@@BHB222216 w77.|
   72.328  0x000C 1236  len=17  66 40 40 42 48 42 2d 2d 2d 30 30 20 31 36 32 30 0d  |f@@BHB---00 1620.|
   72.448  0x000C 1236  len=17  62 40 40 42 48 42 20 33 34 36 31 31 32 37 33 36 0d  |b@@BHB 346112736.|
   72.537  0x000C 1236  len=17  63 40 40 42 48 42 31 32 31 20 31 33 37 39 33 37 0d  |c@@BHB121 137937.|
   72.628  0x000C 1236  len=17  64 40 40 42 48 43 32 30 35 20 20 32 37 2d 31 45 0d  |d@@BHC205  27-1E.|
   72.747  0x000C 1236  len=17  65 40 40 52 48 43 32 32 32 32 31 36 20 77 38 38 0d  |e@@RHC222216 w88.|
   72.838  0x000C 1236  len=17  61 40 40 52 48 43 30 30 31 32 31 20 20 20 31 32 0d  |a@@RHC00121   12.|
   72.928  0x000C 1236  len=17  62 40 40 52 48 44 20 33 34 36 31 31 32 37 34 38 0d  |b@@RHD 346112748.|
   73.048  0x000C 1236  len=17  63 40 40 52 48 45 31 32 31 20 31 33 37 32 34 33 0d  |c@@RHE121 137243.|
   73.138  0x000C 1236  len=17  64 40 40 52 48 45 32 30 33 20 20 32 38 2d 32 46 0d  |d@@RHE203  28-2F.|
   73.228  0x000C 1236  len=17  65 40 40 52 48 46 32 32 32 32 31 36 20 77 38 42 0d  |e@@RHF222216 w8B.|
   73.348  0x000C 1236  len=17  66 40 40 52 48 47 2d 2d 2d 30 30 20 31 37 33 36 0d  |f@@RHG---00 1736.|
   73.437  0x000C 1236  len=17  62 40 40 52 48 48 20 33 34 36 31 31 32 37 34 43 0d  |b@@RHH 34611274C.|
   73.528  0x000C 1236  len=17  78 40 40 42 48 48 27 2b 2f 32 35 37 39 3b 35 44 0d  |x@@BHH'+/2579;5D.|
   73.648  0x000C 1236  len=17  79 40 40 42 48 48 3c 3d 3e 3e 3e 3e 3e 3c 42 36 0d  |y@@BHH<=>>>>><B6.|
   73.738  0x000C 1236  len=17  7a 40 40 42 48 49 3a 37 34 30 2d 29 26 21 33 46 0d  |z@@BHI:740-)&!3F.|
   73.827  0x000C 1236  len=17  61 40 40 42 48 49 30 30 31 32 32 20 20 20 30 39 0d  |a@@BHI00122   09.|
   73.948  0x000C 1236  len=17  62 40 40 42 48 49 20 33 38 36 36 31 32 39 34 38 0d  |b@@BHI 386612948.|
   74.038  0x000C 1236  len=17  63 40 40 42 48 49 31 31 37 20 31 33 37 32 33 43 0d  |c@@BHI117 13723C.|
   74.127  0x000C 1236  len=17  64 40 40 42 49 40 32 30 33 20 20 32 38 2d 31 42 0d  |d@@BI@203  28-1B.|
   74.248  0x000C 1236  len=17  65 40 40 42 49 40 32 32 34 32 31 36 20 77 37 38 0d  |e@@BI@224216 w78.|
   74.338  0x000C 1236  len=17  66 40 40 42 49 40 2d 2d 2d 30 30 20 31 37 32 30 0d  |f@@BI@---00 1720.|
   74.428  0x000C 1236  len=17  62 40 40 42 49 40 20 33 38 36 36 31 32 39 34 30 0d  |b@@BI@ 386612940.|
   74.548  0x000C 1236  len=17  63 40 40 42 49 41 31 31 37 20 31 33 37 32 33 35 0d  |c@@BIA117 137235.|
   74.638  0x000C 1236  len=17  64 40 40 42 49 41 32 30 33 20 20 32 38 2d 31 43 0d  |d@@BIA203  28-1C.|
   74.728  0x000C 1236  len=17  65 40 40 42 49 41 32 32 34 32 31 36 20 77 37 39 0d  |e@@BIA224216 w79.|
   74.848  0x000C 1236  len=17  61 40 40 42 49 41 30 30 31 32 33 20 20 20 30 33 0d  |a@@BIA00123   03.|
   74.938  0x000C 1236  len=17  62 40 40 42 49 42 20 33 38 36 36 31 32 39 34 32 0d  |b@@BIB 386612942.|
   75.028  0x000C 1236  len=17  63 40 40 42 49 42 31 31 37 20 31 33 37 32 33 36 0d  |c@@BIB117 137236.|
   75.148  0x000C 1236  len=17  64 40 40 42 49 42 32 30 33 20 20 32 38 2d 31 44 0d  |d@@BIB203  28-1D.|
   75.238  0x000C 1236  len=17  65 40 40 42 49 42 32 32 34 32 31 36 20 77 37 41 0d  |e@@BIB224216 w7A.|
   75.328  0x000C 1236  len=17  66 40 40 42 49 43 2d 2d 2d 30 30 20 31 37 32 33 0d  |f@@BIC---00 1723.|
   75.448  0x000C 1236  len=17  62 40 40 42 49 43 20 33 38 36 36 31 32 39 34 33 0d  |b@@BIC 386612943.|
   75.538  0x000C 1236  len=17  63 40 40 42 49 43 31 31 37 20 31 33 37 32 33 37 0d  |c@@BIC117 137237.|
   75.628  0x000C 1236  len=17  64 40 40 52 49 43 32 30 36 20 20 32 39 2d 33 32 0d  |d@@RIC206  29-32.|
   75.748  0x000C 1236  len=17  65 40 40 52 49 44 32 32 34 32 31 36 20 77 38 43 0d  |e@@RID224216 w8C.|
   75.837  0x000C 1236  len=17  61 40 40 52 49 44 30 30 31 32 34 20 20 20 31 37 0d  |a@@RID00124   17.|
   75.928  0x000C 1236  len=17  62 40 40 52 49 45 20 33 38 36 36 31 32 39 35 35 0d  |b@@RIE 386612955.|
   76.048  0x000C 1236  len=17  63 40 40 52 49 46 31 31 37 20 31 33 36 39 35 30 0d  |c@@RIF117 136950.|
   76.138  0x000C 1236  len=17  64 40 40 52 49 47 32 30 36 20 20 32 39 2d 33 36 0d  |d@@RIG206  29-36.|
   76.228  0x000C 1236  len=17  65 40 40 52 49 47 32 32 34 32 31 37 20 77 39 30 0d  |e@@RIG224217 w90.|
   76.348  0x000C 1236  len=17  66 40 40 52 49 48 2d 2d 2d 30 30 20 31 37 33 38 0d  |f@@RIH---00 1738.|
   76.438  0x000C 1236  len=17  62 40 40 52 49 49 20 33 38 36 36 31 32 39 35 39 0d  |b@@RII 386612959.|
   76.528  0x000C 1236  len=17  78 40 40 42 49 49 29 2d 30 33 35 36 38 39 36 31 0d  |x@@BII)-03568961.|
   76.648  0x000C 1236  len=17  79 40 40 42 49 49 3b 3c 3d 3d 3d 3d 3c 3b 41 46 0d  |y@@BII;<====<;AF.|
   76.738  0x000C 1236  len=17  7a 40 40 42 49 49 39 36 33 30 2c 29 26 24 33 46 0d  |z@@BII9630,)&$3F.|
   76.828  0x000C 1236  len=17  61 40 40 43 40 40 30 30 31 32 35 2c 32 37 33 31 0d  |a@@C@@00125,2731.|
   76.948  0x000C 1236  len=17  62 40 40 43 40 40 20 33 38 32 38 31 33 30 32 45 0d  |b@@C@@ 38281302E.|
   77.038  0x000C 1236  len=17  63 40 40 43 40 40 31 33 33 20 31 33 36 39 33 30 0d  |c@@C@@133 136930.|
   77.128  0x000C 1236  len=17  64 40 40 43 40 40 32 30 36 20 20 32 39 2d 31 37 0d  |d@@C@@206  29-17.|
   77.248  0x000C 1236  len=17  65 40 40 43 40 41 32 31 38 32 31 37 20 77 37 35 0d  |e@@C@A218217 w75.|
   77.338  0x000C 1236  len=17  66 40 40 43 40 41 2d 2d 2d 30 30 20 31 37 31 39 0d  |f@@C@A---00 1719.|
   77.428  0x000C 1236  len=17  62 40 40 43 40 41 20 33 38 32 38 31 33 30 32 46 0d  |b@@C@A 38281302F.|
   77.548  0x000C 1236  len=17  63 40 40 43 40 41 31 33 33 20 31 33 36 39 33 31 0d  |c@@C@A133 136931.|
   77.638  0x000C 1236  len=17  64 40 40 43 40 42 32 30 36 20 20 32 39 2d 31 39 0d  |d@@C@B206  29-19.|
   77.728  0x000C 1236  len=17  65 40 40 43 40 42 32 31 38 32 31 37 20 77 37 36 0d  |e@@C@B218217 w76.|
   77.847  0x000C 1236  len=17  61 40 40 43 40 42 30 30 31 32 35 2c 32 37 33 33 0d  |a@@C@B00125,2733.|
   77.938  0x000C 1236  len=17  62 40 40 43 40 42 20 33 38 32 38 31 33 30 33 30 0d  |b@@C@B 382813030.|
   78.028  0x000C 1236  len=17  63 40 40 43 40 43 31 33 33 20 31 33 36 39 33 33 0d  |c@@C@C133 136933.|
   78.148  0x000C 1236  len=17  64 40 40 43 40 43 32 30 36 20 20 32 39 2d 31 41 0d  |d@@C@C206  29-1A.|
   78.238  0x000C 1236  len=17  65 40 40 43 40 43 32 31 38 32 31 37 20 77 37 37 0d  |e@@C@C218217 w77.|
   78.328  0x000C 1236  len=17  66 40 40 43 40 43 2d 2d 2d 30 30 20 31 37 31 42 0d  |f@@C@C---00 171B.|
   78.448  0x000C 1236  len=17  62 40 40 43 40 44 20 33 38 32 38 31 33 30 33 32 0d  |b@@C@D 382813032.|
   78.538  0x000C 1236  len=17  63 40 40 43 40 44 31 33 33 20 31 33 36 39 33 34 0d  |c@@C@D133 136934.|
   78.628  0x000C 1236  len=17  64 40 40 53 40 44 32 30 32 20 20 33 30 2d 31 46 0d  |d@@S@D202  30-1F.|
   78.748  0x000C 1236  len=17  65 40 40 53 40 45 32 31 38 32 31 37 20 77 38 39 0d  |e@@S@E218217 w89.|
   78.838  0x000C 1236  len=17  61 40 40 53 40 45 30 30 31 32 35 2c 32 37 34 36 0d  |a@@S@E00125,2746.|
   78.928  0x000C 1236  len=17  62 40 40 53 40 46 20 33 38 32 38 31 33 30 34 34 0d  |b@@S@F 382813044.|
   79.048  0x000C 1236  len=17  63 40 40 53 40 47 31 33 33 20 31 33 36 37 34 35 0d  |c@@S@G133 136745.|
   79.138  0x000C 1236  len=17  64 40 40 53 40 47 32 30 32 20 20 33 30 2d 32 32 0d  |d@@S@G202  30-22.|
   79.228  0x000C 1236  len=17  65 40 40 53 40 48 32 31 38 32 31 37 20 77 38 43 0d  |e@@S@H218217 w8C.|
   79.348  0x000C 1236  len=17  66 40 40 53 40 49 2d 2d 2d 30 30 20 31 37 33 31 0d  |f@@S@I---00 1731.|
   79.438  0x000C 1236  len=17  78 40 40 43 40 49 29 2c 2f 32 34 35 37 39 35 33 0d  |x@@C@I),/2457953.|
   79.528  0x000C 1236  len=17  79 40 40 43 40 49 3a 3c 3c 3c 3c 3c 3b 39 39 46 0d  |y@@C@I:<<<<<;99F.|
   79.648  0x000C 1236  len=17  7a 40 40 43 41 40 36 33 30 2c 29 26 24 21 31 37 0d  |z@@CA@630,)&$!17.|
   79.738  0x000C 1236  len=17  65 40 40 43 41 40 32 31 39 32 31 37 20 77 37 36 0d  |e@@CA@219217 w76.|
   79.827  0x000C 1236  len=17  61 40 40 43 41 40 30 30 31 32 38 20 20 20 30 30 0d  |a@@CA@00128   00.|
   79.948  0x000C 1236  len=17  62 40 40 43 41 40 20 33 35 30 32 31 32 36 32 39 0d  |b@@CA@ 350212629.|
   80.038  0x000C 1236  len=17  63 40 40 43 41 41 31 32 39 20 31 33 36 37 33 35 0d  |c@@CAA129 136735.|
   80.128  0x000C 1236  len=17  64 40 40 43 41 41 32 30 32 20 20 33 30 2d 30 44 0d  |d@@CAA202  30-0D.|
   80.248  0x000C 1236  len=17  65 40 40 43 41 41 32 31 39 32 31 37 20 77 37 37 0d  |e@@CAA219217 w77.|
   80.338  0x000C 1236  len=17  66 40 40 43 41 41 2d 2d 2d 30 30 20 31 37 31 41 0d  |f@@CAA---00 171A.|
   80.428  0x000C 1236  len=17  62 40 40 43 41 42 20 33 35 30 32 31 32 36 32 42 0d  |b@@CAB 35021262B.|
   80.548  0x000C 1236  len=17  63 40 40 43 41 42 31 32 39 20 31 33 36 37 33 36 0d  |c@@CAB129 136736.|
   80.638  0x000C 1236  len=17  64 40 40 43 41 42 32 30 32 20 20 33 30 2d 30 45 0d  |d@@CAB202  30-0E.|
   80.728  0x000C 1236  len=17  65 40 40 43 41 42 32 31 39 32 31 37 20 77 37 38 0d  |e@@CAB219217 w78.|
   80.848  0x000C 1236  len=17  61 40 40 43 41 43 30 30 31 32 39 20 20 20 30 34 0d  |a@@CAC00129   04.|
   80.938  0x000C 1236  len=17  62 40 40 43 41 43 20 33 35 30 32 31 32 36 32 43 0d  |b@@CAC 35021262C.|
   81.028  0x000C 1236  len=17  63 40 40 43 41 43 31 32 39 20 31 33 36 37 33 37 0d  |c@@CAC129 136737.|
   81.148  0x000C 1236  len=17  64 40 40 43 41 43 32 30 32 20 20 33 30 2d 30 46 0d  |d@@CAC202  30-0F.|
   81.238  0x000C 1236  len=17  65 40 40 43 41 44 32 31 39 32 31 37 20 77 37 41 0d  |e@@CAD219217 w7A.|
   81.328  0x000C 1236  len=17  66 40 40 43 41 44 2d 2d 2d 30 30 20 31 37 31 44 0d  |f@@CAD---00 171D.|
   81.448  0x000C 1236  len=17  62 40 40 53 41 44 20 33 35 30 32 31 32 36 33 44 0d  |b@@SAD 35021263D.|
   81.538  0x000C 1236  len=17  63 40 40 53 41 44 31 32 39 20 31 33 36 32 34 33 0d  |c@@SAD129 136243.|
   81.628  0x000C 1236  len=17  64 40 40 53 41 45 32 30 38 20 20 33 31 2d 32 38 0d  |d@@SAE208  31-28.|
   81.748  0x000C 1236  len=17  65 40 40 53 41 45 32 31 39 32 31 37 20 77 38 42 0d  |e@@SAE219217 w8B.|
   81.837  0x000C 1236  len=17  61 40 40 53 41 46 30 30 31 33 30 20 20 20 30 46 0d  |a@@SAF00130   0F.|
   81.928  0x000C 1236  len=17  62 40 40 53 41 47 20 33 35 30 32 31 32 36 34 30 0d  |b@@SAG 350212640.|
   82.048  0x000C 1236  len=17  63 40 40 53 41 48 31 32 39 20 31 33 36 32 34 37 0d  |c@@SAH129 136247.|
   82.138  0x000C 1236  len=17  64 40 40 53 41 48 32 30 38 20 20 33 31 2d 32 42 0d  |d@@SAH208  31-2B.|
   82.228  0x000C 1236  len=17  65 40 40 53 41 49 32 31 39 32 31 37 20 77 38 46 0d  |e@@SAI219217 w8F.|
   82.348  0x000C 1236  len=17  78 40 40 43 41 49 27 2a 2d 30 32 35 37 38 34 39 0d  |x@@CAI'*-0257849.|
   82.438  0x000C 1236  len=17  79 40 40 43 42 40 3a 3b 3d 3e 3f 3f 3f 3d 41 38 0d  |y@@CB@:;=>???=A8.|
   82.528  0x000C 1236  len=17  7a 40 40 43 42 40 3b 37 34 2f 2b 28 25 21 32 44 0d  |z@@CB@;74/+(%!2D.|
   82.648  0x000C 1236  len=17  64 40 40 43 42 40 32 30 38 20 20 33 31 2d 31 34 0d  |d@@CB@208  31-14.|
   82.738  0x000C 1236  len=17  65 40 40 43 42 40 32 32 32 32 31 37 20 77 37 31 0d  |e@@CB@222217 w71.|
   82.828  0x000C 1236  len=17  61 40 40 43 42 41 30 30 31 33 31 20 20 20 46 43 0d  |a@@CBA00131   FC.|
   82.948  0x000C 1236  len=17  62 40 40 43 42 41 20 33 37 33 39 31 32 37 33 38 0d  |b@@CBA 373912738.|
   83.038  0x000C 1236  len=17  63 40 40 43 42 41 31 32 32 20 31 33 36 32 32 41 0d  |c@@CBA122 13622A.|
   83.128  0x000C 1236  len=17  64 40 40 43 42 41 32 30 38 20 20 33 31 2d 31 35 0d  |d@@CBA208  31-15.|
   83.248  0x000C 1236  len=17  65 40 40 43 42 42 32 32 32 32 31 37 20 77 37 33 0d  |e@@CBB222217 w73.|
   83.338  0x000C 1236  len=17  66 40 40 43 42 42 2d 2d 2d 30 30 20 31 37 31 43 0d  |f@@CBB---00 171C.|
   83.428  0x000C 1236  len=17  62 40 40 43 42 42 20 33 37 33 39 31 32 37 33 39 0d  |b@@CBB 373912739.|
   83.548  0x000C 1236  len=17  63 40 40 43 42 42 31 32 32 20 31 33 36 32 32 42 0d  |c@@CBB122 13622B.|
   83.638  0x000C 1236  len=17  64 40 40 43 42 43 32 30 38 20 20 33 31 2d 31 37 0d  |d@@CBC208  31-17.|
   83.728  0x000C 1236  len=17  65 40 40 43 42 43 32 32 32 32 31 37 20 77 37 34 0d  |e@@CBC222217 w74.|
   83.848  0x000C 1236  len=17  61 40 40 43 42 43 30 30 31 33 32 20 20 20 46 46 0d  |a@@CBC00132   FF.|
   83.938  0x000C 1236  len=17  62 40 40 43 42 43 20 33 37 33 39 31 32 37 33 41 0d  |b@@CBC 37391273A.|
   84.028  0x000C 1236  len=17  63 40 40 43 42 44 31 32 32 20 31 33 36 32 32 44 0d  |c@@CBD122 13622D.|
   84.148  0x000C 1236  len=17  64 40 40 43 42 44 32 30 38 20 20 33 31 2d 31 38 0d  |d@@CBD208  31-18.|
   84.238  0x000C 1236  len=17  65 40 40 43 42 44 32 32 32 32 31 37 20 77 37 35 0d  |e@@CBD222217 w75.|
   84.328  0x000C 1236  len=17  66 40 40 43 42 44 2d 2d 2d 30 30 20 31 37 31 45 0d  |f@@CBD---00 171E.|
   84.448  0x000C 1236  len=17  62 40 40 53 42 45 20 33 37 33 39 31 32 37 34 43 0d  |b@@SBE 37391274C.|
   84.538  0x000C 1236  len=17  63 40 40 53 42 45 31 32 32 20 31 33 35 39 34 34 0d  |c@@SBE122 135944.|
   84.628  0x000C 1236  len=17  64 40 40 53 42 46 32 30 34 20 20 33 32 2d 32 37 0d  |d@@SBF204  32-27.|
   84.748  0x000C 1236  len=17  65 40 40 53 42 46 32 32 32 32 31 37 20 77 38 37 0d  |e@@SBF222217 w87.|
   84.838  0x000C 1236  len=17  61 40 40 53 42 47 30 30 31 33 33 20 20 20 31 34 0d  |a@@SBG00133   14.|
   84.928  0x000C 1236  len=17  62 40 40 53 42 48 20 33 37 33 39 31 32 37 34 46 0d  |b@@SBH 37391274F.|
   85.048  0x000C 1236  len=17  63 40 40 53 42 49 31 32 32 20 31 33 35 39 34 38 0d  |c@@SBI122 135948.|
   85.138  0x000C 1236  len=17  64 40 40 53 42 49 32 30 34 20 20 33 32 2d 32 41 0d  |d@@SBI204  32-2A.|
   85.228  0x000C 1236  len=17  78 40 40 43 43 40 29 2d 30 34 36 38 3a 3b 35 42 0d  |x@@CC@)-0468:;5B.|
   85.348  0x000C 1236  len=17  79 40 40 43 43 40 3c 3d 3d 3d 3d 3c 3b 39 39 46 0d  |y@@CC@<====<;99F.|
   85.438  0x000C 1236  len=17  7a 40 40 43 43 40 36 33 2f 2c 28 25 21 21 31 33 0d  |z@@CC@63/,(%!!13.|
   85.528  0x000C 1236  len=17  63 40 40 43 43 41 31 32 37 20 31 33 35 39 33 36 0d  |c@@CCA127 135936.|
   85.648  0x000C 1236  len=17  64 40 40 43 43 41 32 30 34 20 20 33 32 2d 31 33 0d  |d@@CCA204  32-13.|
   85.738  0x000C 1236  len=17  65 40 40 43 43 41 32 32 30 32 31 37 20 77 37 31 0d  |e@@CCA220217 w71.|
   85.828  0x000C 1236  len=17  61 40 40 43 43 41 30 30 31 33 34 20 20 20 30 30 0d  |a@@CCA00134   00.|
   85.948  0x000C 1236  len=17  62 40 40 43 43 42 20 33 36 32 35 31 32 33 33 30 0d  |b@@CCB 362512330.|
   86.038  0x000C 1236  len=17  63 40 40 43 43 42 31 32 37 20 31 33 35 39 33 37 0d  |c@@CCB127 135937.|
   86.128  0x000C 1236  len=17  64 40 40 43 43 42 32 30 34 20 20 33 32 2d 31 34 0d  |d@@CCB204  32-14.|
   86.248  0x000C 1236  len=17  65 40 40 43 43 42 32 32 30 32 31 37 20 77 37 32 0d  |e@@CCB220217 w72.|
   86.338  0x000C 1236  len=17  66 40 40 43 43 43 2d 2d 2d 30 30 20 31 37 31 45 0d  |f@@CCC---00 171E.|
   86.428  0x000C 1236  len=17  62 40 40 43 43 43 20 33 36 32 35 31 32 33 33 31 0d  |b@@CCC 362512331.|
   86.548  0x000C 1236  len=17  63 40 40 43 43 43 31 32 37 20 31 33 35 39 33 38 0d  |c@@CCC127 135938.|
   86.638  0x000C 1236  len=17  64 40 40 43 43 43 32 30 34 20 20 33 32 2d 31 35 0d  |d@@CCC204  32-15.|
   86.728  0x000C 1236  len=17  65 40 40 43 43 43 32 32 30 32 31 37 20 77 37 33 0d  |e@@CCC220217 w73.|
   86.848  0x000C 1236  len=17  61 40 40 43 43 44 30 30 31 33 35 20 20 20 30 34 0d  |a@@CCD00135   04.|
   86.938  0x000C 1236  len=17  62 40 40 43 43 44 20 33 36 32 35 31 32 33 33 32 0d  |b@@CCD 362512332.|
   87.028  0x000C 1236  len=17  63 40 40 43 43 44 31 32 37 20 31 33 35 39 33 39 0d  |c@@CCD127 135939.|
   87.148  0x000C 1236  len=17  64 40 40 43 43 44 32 30 34 20 20 33 32 2d 31 36 0d  |d@@CCD204  32-16.|
   87.238  0x000C 1236  len=17  65 40 40 43 43 45 32 32 30 32 31 37 20 77 37 35 0d  |e@@CCE220217 w75.|
   87.328  0x000C 1236  len=17  66 40 40 53 43 45 2d 2d 2d 30 30 20 31 38 33 31 0d  |f@@SCE---00 1831.|
   87.448  0x000C 1236  len=17  62 40 40 53 43 45 20 33 36 32 35 31 32 33 34 33 0d  |b@@SCE 362512343.|
   87.538  0x000C 1236  len=17  63 40 40 53 43 46 31 32 37 20 31 33 35 36 34 38 0d  |c@@SCF127 135648.|
   87.628  0x000C 1236  len=17  64 40 40 53 43 47 32 30 36 20 20 33 33 2d 32 43 0d  |d@@SCG206  33-2C.|
   87.748  0x000C 1236  len=17  65 40 40 53 43 47 32 32 30 32 31 37 20 77 38 37 0d  |e@@SCG220217 w87.|
   87.838  0x000C 1236  len=17  61 40 40 53 43 48 30 30 31 33 36 20 20 20 31 39 0d  |a@@SCH00136   19.|
   87.928  0x000C 1236  len=17  62 40 40 53 43 49 20 33 36 32 35 31 32 33 34 37 0d  |b@@SCI 362512347.|
   88.048  0x000C 1236  len=17  63 40 40 53 44 40 31 32 37 20 31 33 35 36 34 33 0d  |c@@SD@127 135643.|
   88.138  0x000C 1236  len=17  78 40 40 43 44 40 27 2b 2e 31 34 36 37 39 34 41 0d  |x@@CD@'+.146794A.|
   88.228  0x000C 1236  len=17  79 40 40 43 44 40 3a 3b 3d 3d 3e 3e 3d 3b 41 33 0d  |y@@CD@:;==>>=;A3.|
   88.348  0x000C 1236  len=17  7a 40 40 43 44 40 38 33 2f 2b 28 25 21 21 31 35 0d  |z@@CD@83/+(%!!15.|
   88.438  0x000C 1236  len=17  62 40 40 43 44 41 20 33 34 39 31 31 32 33 33 31 0d  |b@@CDA 349112331.|
   88.528  0x000C 1236  len=17  63 40 40 43 44 41 31 32 35 20 31 33 35 36 33 32 0d  |c@@CDA125 135632.|
   88.648  0x000C 1236  len=17  64 40 40 43 44 41 32 30 36 20 20 33 33 2d 31 37 0d  |d@@CDA206  33-17.|
   88.738  0x000C 1236  len=17  65 40 40 43 44 41 32 32 30 32 31 37 20 77 37 32 0d  |e@@CDA220217 w72.|
   88.828  0x000C 1236  len=17  61 40 40 43 44 42 30 30 31 33 37 20 20 20 30 35 0d  |a@@CDB00137   05.|
   88.948  0x000C 1236  len=17  62 40 40 43 44 42 20 33 34 39 31 31 32 33 33 32 0d  |b@@CDB 349112332.|
   89.038  0x000C 1236  len=17  63 40 40 43 44 42 31 32 35 20 31 33 35 36 33 33 0d  |c@@CDB125 135633.|
   89.128  0x000C 1236  len=17  64 40 40 43 44 42 32 30 36 20 20 33 33 2d 31 38 0d  |d@@CDB206  33-18.|
   89.248  0x000C 1236  len=17  65 40 40 43 44 43 32 32 30 32 31 37 20 77 37 34 0d  |e@@CDC220217 w74.|
   89.338  0x000C 1236  len=17  66 40 40 43 44 43 2d 2d 2d 30 30 20 31 38 32 30 0d  |f@@CDC---00 1820.|
   89.428  0x000C 1236  len=17  62 40 40 43 44 43 20 33 34 39 31 31 32 33 33 33 0d  |b@@CDC 349112333.|
   89.548  0x000C 1236  len=17  63 40 40 43 44 43 31 32 35 20 31 33 35 36 33 34 0d  |c@@CDC125 135634.|
   89.638  0x000C 1236  len=17  64 40 40 43 44 44 32 30 36 20 20 33 33 2d 31 41 0d  |d@@CDD206  33-1A.|
   89.728  0x000C 1236  len=17  65 40 40 43 44 44 32 32 30 32 31 37 20 77 37 35 0d  |e@@CDD220217 w75.|
   89.848  0x000C 1236  len=17  61 40 40 43 44 44 30 30 31 33 38 20 20 20 30 38 0d  |a@@CDD00138   08.|
   89.938  0x000C 1236  len=17  62 40 40 43 44 44 20 33 34 39 31 31 32 33 33 34 0d  |b@@CDD 349112334.|
   90.028  0x000C 1236  len=17  63 40 40 43 44 45 31 32 35 20 31 33 35 36 33 36 0d  |c@@CDE125 135636.|
   90.148  0x000C 1236  len=17  64 40 40 43 44 45 32 30 36 20 20 33 33 2d 31 42 0d  |d@@CDE206  33-1B.|
   90.238  0x000C 1236  len=17  65 40 40 53 44 45 32 32 30 32 31 37 20 77 38 36 0d  |e@@SDE220217 w86.|
   90.328  0x000C 1236  len=17  66 40 40 53 44 46 2d 2d 2d 30 30 20 31 37 33 32 0d  |f@@SDF---00 1732.|
   90.448  0x000C 1236  len=17  62 40 40 53 44 46 20 33 34 39 31 31 32 33 34 36 0d  |b@@SDF 349112346.|
   90.538  0x000C 1236  len=17  63 40 40 53 44 47 31 32 35 20 31 33 35 31 34 33 0d  |c@@SDG125 135143.|
   90.628  0x000C 1236  len=17  64 40 40 53 44 47 32 30 36 20 20 33 34 2d 32 45 0d  |d@@SDG206  34-2E.|
   90.748  0x000C 1236  len=17  65 40 40 53 44 48 32 32 30 32 31 37 20 77 38 39 0d  |e@@SDH220217 w89.|
   90.838  0x000C 1236  len=17  61 40 40 53 44 49 30 30 31 33 39 20 20 20 31 45 0d  |a@@SDI00139   1E.|
   90.928  0x000C 1236  len=17  62 40 40 53 44 49 20 33 34 39 31 31 32 33 34 39 0d  |b@@SDI 349112349.|
   91.048  0x000C 1236  len=17  63 40 40 53 45 40 31 32 35 20 31 33 35 31 33 44 0d  |c@@SE@125 13513D.|
   91.138  0x000C 1236  len=17  78 40 40 43 45 40 28 2b 2f 32 34 36 37 39 34 45 0d  |x@@CE@(+/246794E.|
   91.228  0x000C 1236  len=17  79 40 40 43 45 40 3a 3b 3b 3a 3a 3a 39 36 38 45 0d  |y@@CE@:;;:::968E.|
   91.348  0x000C 1236  len=17  7a 40 40 43 45 41 34 31 2d 2a 27 25 21 21 30 44 0d  |z@@CEA41-*'%!!0D.|
   91.438  0x000C 1236  len=17  62 40 40 43 45 41 20 33 32 36 30 31 32 33 32 43 0d  |b@@CEA 32601232C.|
   91.528  0x000C 1236  len=17  63 40 40 43 45 41 31 32 30 20 31 33 35 31 32 39 0d  |c@@CEA120 135129.|
   91.648  0x000C 1236  len=17  64 40 40 43 45 41 32 30 36 20 20 33 34 2d 31 39 0d  |d@@CEA206  34-19.|
   91.738  0x000C 1236  len=17  65 40 40 43 45 42 32 32 32 32 31 37 20 77 37 36 0d  |e@@CEB222217 w76.|
   91.828  0x000C 1236  len=17  61 40 40 43 45 42 30 30 31 34 30 20 20 20 30 30 0d  |a@@CEB00140   00.|
   91.948  0x000C 1236  len=17  62 40 40 43 45 42 20 33 32 36 30 31 32 33 32 44 0d  |b@@CEB 32601232D.|
   92.038  0x000C 1236  len=17  63 40 40 43 45 42 31 32 30 20 31 33 35 31 32 41 0d  |c@@CEB120 13512A.|
   92.128  0x000C 1236  len=17  64 40 40 43 45 43 32 30 36 20 20 33 34 2d 31 42 0d  |d@@CEC206  34-1B.|
   92.248  0x000C 1236  len=17  65 40 40 43 45 43 32 32 32 32 31 37 20 77 37 37 0d  |e@@CEC222217 w77.|
   92.338  0x000C 1236  len=17  66 40 40 43 45 43 2d 2d 2d 30 30 20 31 37 32 30 0d  |f@@CEC---00 1720.|
   92.428  0x000C 1236  len=17  62 40 40 43 45 43 20 33 32 36 30 31 32 33 32 45 0d  |b@@CEC 32601232E.|
   92.548  0x000C 1236  len=17  63 40 40 43 45 44 31 32 30 20 31 33 35 31 32 43 0d  |c@@CED120 13512C.|
   92.638  0x000C 1236  len=17  64 40 40 43 45 44 32 30 36 20 20 33 34 2d 31 43 0d  |d@@CED206  34-1C.|
   92.728  0x000C 1236  len=17  65 40 40 43 45 44 32 32 32 32 31 37 20 77 37 38 0d  |e@@CED222217 w78.|
   92.848  0x000C 1236  len=17  61 40 40 43 45 44 30 30 31 34 31 20 20 20 30 33 0d  |a@@CED00141   03.|
   92.938  0x000C 1236  len=17  62 40 40 53 45 45 20 33 32 36 30 31 32 33 34 30 0d  |b@@SEE 326012340.|
   93.028  0x000C 1236  len=17  63 40 40 53 45 45 31 32 30 20 31 33 34 36 34 31 0d  |c@@SEE120 134641.|
   93.148  0x000C 1236  len=17  64 40 40 53 45 46 32 32 30 20 20 33 35 2d 32 42 0d  |d@@SEF220  35-2B.|
   93.238  0x000C 1236  len=17  65 40 40 53 45 47 32 32 32 32 31 37 20 77 38 42 0d  |e@@SEG222217 w8B.|
   93.328  0x000C 1236  len=17  66 40 40 53 45 48 2d 2d 2d 30 30 20 31 35 33 33 0d  |f@@SEH---00 1533.|
   93.448  0x000C 1236  len=17  62 40 40 53 45 49 20 33 32 36 30 31 32 33 34 34 0d  |b@@SEI 326012344.|
   93.538  0x000C 1236  len=17  63 40 40 53 46 40 31 32 30 20 31 33 34 36 33 44 0d  |c@@SF@120 13463D.|
   93.628  0x000C 1236  len=17  64 40 40 53 46 40 32 32 30 20 20 33 35 2d 32 36 0d  |d@@SF@220  35-26.|
   93.748  0x000C 1236  len=17  78 40 40 43 46 41 29 2f 35 3c 41 46 4a 4d 41 39 0d  |x@@CFA)/5<AFJMA9.|
   93.838  0x000C 1236  len=17  61 40 40 43 46 41 30 30 31 34 32 20 20 20 30 32 0d  |a@@CFA00142   02.|
   93.928  0x000C 1236  len=17  79 40 40 43 46 41 4f 51 51 4f 4d 4c 4b 46 32 44 0d  |y@@CFAOQQOMLKF2D.|
   94.048  0x000C 1236  len=17  7a 40 40 43 46 41 41 3c 37 32 2e 2a 27 25 34 45 0d  |z@@CFAA<72.*'%4E.|
   94.138  0x000C 1236  len=17  64 40 40 43 46 43 32 32 30 20 20 33 35 2d 31 39 0d  |d@@CFC220  35-19.|
   94.228  0x000C 1236  len=17  65 40 40 43 46 43 32 32 32 32 31 37 20 77 37 38 0d  |e@@CFC222217 w78.|
   94.348  0x000C 1236  len=17  66 40 40 43 46 43 2d 2d 2d 30 30 20 31 35 31 46 0d  |f@@CFC---00 151F.|
   94.438  0x000C 1236  len=17  62 40 40 43 46 43 20 35 37 37 35 31 33 32 33 43 0d  |b@@CFC 57751323C.|
   94.528  0x000C 1236  len=17  63 40 40 43 46 44 31 32 30 20 31 33 34 36 33 31 0d  |c@@CFD120 134631.|
   94.648  0x000C 1236  len=17  64 40 40 43 46 44 32 32 30 20 20 33 35 2d 31 41 0d  |d@@CFD220  35-1A.|
   94.738  0x000C 1236  len=17  65 40 40 43 46 44 32 32 32 32 31 37 20 77 37 39 0d  |e@@CFD222217 w79.|
   94.828  0x000C 1236  len=17  61 40 40 43 46 44 30 30 31 34 33 20 20 20 30 36 0d  |a@@CFD00143   06.|
   94.948  0x000C 1236  len=17  62 40 40 43 46 45 20 35 37 37 35 31 33 32 33 45 0d  |b@@CFE 57751323E.|
   95.038  0x000C 1236  len=17  63 40 40 43 46 45 31 32 30 20 31 33 34 36 33 32 0d  |c@@CFE120 134632.|
   95.128  0x000C 1236  len=17  64 40 40 43 46 45 32 32 30 20 20 33 35 2d 31 42 0d  |d@@CFE220  35-1B.|
   95.248  0x000C 1236  len=17  65 40 40 43 46 45 32 32 32 32 31 37 20 77 37 41 0d  |e@@CFE222217 w7A.|
   95.338  0x000C 1236  len=17  66 40 40 43 46 46 2d 2d 2d 30 30 20 31 35 32 32 0d  |f@@CFF---00 1522.|
   95.428  0x000C 1236  len=17  62 40 40 43 46 46 20 35 37 37 35 31 33 32 33 46 0d  |b@@CFF 57751323F.|
   95.548  0x000C 1236  len=17  63 40 40 43 46 46 31 32 30 20 31 33 34 36 33 33 0d  |c@@CFF120 134633.|
   95.638  0x000C 1236  len=17  64 40 40 43 46 46 32 32 30 20 20 33 35 2d 31 43 0d  |d@@CFF220  35-1C.|
   95.728  0x000C 1236  len=17  65 40 40 53 46 47 32 32 32 32 31 37 20 77 38 43 0d  |e@@SFG222217 w8C.|
   95.848  0x000C 1236  len=17  61 40 40 53 46 47 30 30 31 34 34 20 20 20 31 41 0d  |a@@SFG00144   1A.|
   95.938  0x000C 1236  len=17  62 40 40 53 46 48 20 35 37 37 35 31 33 32 35 31 0d  |b@@SFH 577513251.|
   96.028  0x000C 1236  len=17  63 40 40 53 46 49 31 32 30 20 31 33 36 36 34 38 0d  |c@@SFI120 136648.|
   96.148  0x000C 1236  len=17  64 40 40 53 47 40 32 31 35 20 20 33 36 2d 32 43 0d  |d@@SG@215  36-2C.|
   96.238  0x000C 1236  len=17  65 40 40 53 47 41 32 32 32 32 31 37 20 77 38 37 0d  |e@@SGA222217 w87.|
   96.328  0x000C 1236  len=17  66 40 40 53 47 41 2d 2d 2d 30 30 20 31 39 33 32 0d  |f@@SGA---00 1932.|
   96.448  0x000C 1236  len=17  78 40 40 43 47 42 2a 30 36 3c 41 44 47 49 41 35 0d  |x@@CGB*06<ADGIA5.|
   96.538  0x000C 1236  len=17  79 40 40 43 47 42 4a 4b 4b 4a 48 46 45 42 30 34 0d  |y@@CGBJKKJHFEB04.|
   96.628  0x000C 1236  len=17  7a 40 40 43 47 44 3f 3c 38 34 30 2c 29 26 35 41 0d  |z@@CGD?<840,)&5A.|
   96.748  0x000C 1236  len=17  65 40 40 43 47 44 31 35 39 32 31 37 20 77 38 33 0d  |e@@CGD159217 w83.|
   96.838  0x000C 1236  len=17  61 40 40 43 47 44 30 30 31 34 35 20 20 20 30 39 0d  |a@@CGD00145   09.|
   96.928  0x000C 1236  len=17  62 40 40 43 47 44 20 35 34 33 31 31 33 34 33 35 0d  |b@@CGD 543113435.|
   97.048  0x000C 1236  len=17  63 40 40 43 47 45 32 30 37 20 31 33 36 36 33 42 0d  |c@@CGE207 13663B.|
   97.138  0x000C 1236  len=17  64 40 40 43 47 45 32 31 35 20 20 33 36 2d 32 31 0d  |d@@CGE215  36-21.|
   97.228  0x000C 1236  len=17  65 40 40 43 47 45 31 35 39 32 31 37 20 77 38 34 0d  |e@@CGE159217 w84.|
   97.348  0x000C 1236  len=17  66 40 40 43 47 45 2d 2d 2d 30 30 20 31 39 32 36 0d  |f@@CGE---00 1926.|
   97.438  0x000C 1236  len=17  62 40 40 43 47 46 20 35 34 33 31 31 33 34 33 37 0d  |b@@CGF 543113437.|
   97.528  0x000C 1236  len=17  63 40 40 43 47 46 32 30 37 20 31 33 36 36 33 43 0d  |c@@CGF207 13663C.|
   97.648  0x000C 1236  len=17  64 40 40 43 47 46 32 31 35 20 20 33 36 2d 32 32 0d  |d@@CGF215  36-22.|
   97.738  0x000C 1236  len=17  65 40 40 43 47 46 31 35 39 32 31 37 20 77 38 35 0d  |e@@CGF159217 w85.|
   97.828  0x000C 1236  len=17  61 40 40 43 47 46 30 30 31 34 36 20 20 20 30 43 0d  |a@@CGF00146   0C.|
   97.948  0x000C 1236  len=17  62 40 40 43 47 47 20 35 34 33 31 31 33 34 33 38 0d  |b@@CGG 543113438.|
   98.038  0x000C 1236  len=17  63 40 40 43 47 47 32 30 37 20 31 33 36 36 33 44 0d  |c@@CGG207 13663D.|
   98.128  0x000C 1236  len=17  64 40 40 43 47 47 32 31 35 20 20 33 36 2d 32 33 0d  |d@@CGG215  36-23.|
   98.248  0x000C 1236  len=17  65 40 40 43 47 47 31 35 39 32 31 37 20 77 38 36 0d  |e@@CGG159217 w86.|
   98.338  0x000C 1236  len=17  66 40 40 43 47 48 2d 2d 2d 30 30 20 31 39 32 39 0d  |f@@CGH---00 1929.|
   98.428  0x000C 1236  len=17  62 40 40 53 47 48 20 35 34 33 31 31 33 34 34 39 0d  |b@@SGH 543113449.|
   98.548  0x000C 1236  len=17  63 40 40 53 47 48 32 30 37 20 31 33 38 33 34 44 0d  |c@@SGH207 13834D.|
   98.638  0x000C 1236  len=17  64 40 40 53 47 49 32 32 32 20 20 33 37 2d 33 34 0d  |d@@SGI222  37-34.|
   98.728  0x000C 1236  len=17  65 40 40 53 48 40 31 35 39 32 31 36 20 77 38 46 0d  |e@@SH@159216 w8F.|
   98.848  0x000C 1236  len=17  61 40 40 53 48 41 30 30 31 34 37 20 20 20 31 39 0d  |a@@SHA00147   19.|
   98.938  0x000C 1236  len=17  62 40 40 53 48 42 20 35 34 33 31 31 33 34 34 34 0d  |b@@SHB 543113444.|
   99.028  0x000C 1236  len=17  63 40 40 53 48 43 32 30 37 20 31 33 38 33 34 39 0d  |c@@SHC207 138349.|
   99.148  0x000C 1236  len=17  64 40 40 53 48 44 32 32 32 20 20 33 37 2d 33 30 0d  |d@@SHD222  37-30.|
   99.238  0x000C 1236  len=17  78 40 40 43 48 44 29 2e 33 38 3c 3e 41 44 38 38 0d  |x@@CHD).38<>AD88.|
   99.328  0x000C 1236  len=17  79 40 40 43 48 45 46 48 49 48 47 46 45 44 46 45 0d  |y@@CHEFHIHGFEDFE.|
   99.448  0x000C 1236  len=17  7a 40 40 43 48 45 40 3d 3a 36 32 2d 29 26 36 35 0d  |z@@CHE@=:62-)&65.|
   99.538  0x000C 1236  len=17  63 40 40 43 48 45 32 30 31 20 31 33 38 33 33 35 0d  |c@@CHE201 138335.|
   99.628  0x000C 1236  len=17  64 40 40 43 48 45 32 32 32 20 20 33 37 2d 32 31 0d  |d@@CHE222  37-21.|
   99.748  0x000C 1236  len=17  65 40 40 43 48 46 32 30 30 32 31 36 20 77 37 38 0d  |e@@CHF200216 w78.|
   99.838  0x000C 1236  len=17  61 40 40 43 48 46 30 30 31 34 38 20 20 20 30 46 0d  |a@@CHF00148   0F.|
   99.928  0x000C 1236  len=17  62 40 40 43 48 46 20 35 31 37 36 31 33 32 33 43 0d  |b@@CHF 51761323C.|
  100.048  0x000C 1236  len=17  63 40 40 43 48 46 32 30 31 20 31 33 38 33 33 36 0d  |c@@CHF201 138336.|
  100.138  0x000C 1236  len=17  64 40 40 43 48 47 32 32 32 20 20 33 37 2d 32 33 0d  |d@@CHG222  37-23.|
  100.228  0x000C 1236  len=17  65 40 40 43 48 47 32 30 30 32 31 36 20 77 37 39 0d  |e@@CHG200216 w79.|
  100.348  0x000C 1236  len=17  66 40 40 43 48 47 2d 2d 2d 30 30 20 31 38 32 38 0d  |f@@CHG---00 1828.|
  100.438  0x000C 1236  len=17  62 40 40 43 48 47 20 35 31 37 36 31 33 32 33 44 0d  |b@@CHG 51761323D.|
  100.528  0x000C 1236  len=17  63 40 40 43 48 48 32 30 31 20 31 33 38 33 33 38 0d  |c@@CHH201 138338.|
  100.648  0x000C 1236  len=17  64 40 40 43 48 48 32 32 32 20 20 33 37 2d 32 34 0d  |d@@CHH222  37-24.|
  100.738  0x000C 1236  len=17  65 40 40 43 48 48 32 30 30 32 31 36 20 77 37 41 0d  |e@@CHH200216 w7A.|
  100.828  0x000C 1236  len=17  61 40 40 43 48 48 30 30 31 34 39 20 20 20 31 32 0d  |a@@CHH00149   12.|
  100.948  0x000C 1236  len=17  62 40 40 43 48 49 20 35 31 37 36 31 33 32 33 46 0d  |b@@CHI 51761323F.|
  101.038  0x000C 1236  len=17  63 40 40 43 48 49 32 30 31 20 31 33 38 33 33 39 0d  |c@@CHI201 138339.|
  101.128  0x000C 1236  len=17  64 40 40 53 48 49 32 32 32 20 20 33 38 2d 33 36 0d  |d@@SHI222  38-36.|
  101.248  0x000C 1236  len=17  65 40 40 53 49 40 32 30 30 32 31 36 20 77 38 33 0d  |e@@SI@200216 w83.|
  101.338  0x000C 1236  len=17  66 40 40 53 49 41 2d 2d 2d 30 30 20 31 37 33 32 0d  |f@@SIA---00 1732.|
  101.428  0x000C 1236  len=17  62 40 40 53 49 42 20 35 31 37 36 31 33 32 34 39 0d  |b@@SIB 517613249.|
  101.548  0x000C 1236  len=17  63 40 40 53 49 43 32 30 31 20 31 33 39 36 34 38 0d  |c@@SIC201 139648.|
  101.638  0x000C 1236  len=17  64 40 40 53 49 44 32 32 32 20 20 33 38 2d 33 32 0d  |d@@SID222  38-32.|
  101.728  0x000C 1236  len=17  65 40 40 53 49 45 32 30 30 32 31 36 20 77 38 38 0d  |e@@SIE200216 w88.|
  101.848  0x000C 1236  len=17  61 40 40 43 49 45 30 30 31 35 30 20 20 20 30 38 0d  |a@@CIE00150   08.|
  101.938  0x000C 1236  len=17  78 40 40 43 49 46 2b 30 36 3a 3d 41 43 46 39 43 0d  |x@@CIF+06:=ACF9C.|
  102.028  0x000C 1236  len=17  79 40 40 43 49 46 48 49 49 48 46 45 44 41 46 44 0d  |y@@CIFHIIHFEDAFD.|
  102.148  0x000C 1236  len=17  7a 40 40 43 49 46 3e 3b 38 34 2f 2b 27 24 35 36 0d  |z@@CIF>;84/+'$56.|
  102.238  0x000C 1236  len=17  65 40 40 43 49 46 32 30 32 32 31 36 20 77 37 42 0d  |e@@CIF202216 w7B.|
  102.328  0x000C 1236  len=17  66 40 40 43 49 47 2d 2d 2d 30 30 20 31 37 32 38 0d  |f@@CIG---00 1728.|
  102.448  0x000C 1236  len=17  62 40 40 43 49 47 20 35 31 33 30 31 33 31 33 33 0d  |b@@CIG 513013133.|
  102.538  0x000C 1236  len=17  63 40 40 43 49 47 31 39 32 20 31 33 39 36 34 35 0d  |c@@CIG192 139645.|
  102.628  0x000C 1236  len=17  64 40 40 43 49 47 32 32 32 20 20 33 38 2d 32 35 0d  |d@@CIG222  38-25.|
  102.748  0x000C 1236  len=17  65 40 40 43 49 48 32 30 32 32 31 36 20 77 37 44 0d  |e@@CIH202216 w7D.|
  102.838  0x000C 1236  len=17  61 40 40 43 49 48 30 30 31 35 31 20 20 20 30 43 0d  |a@@CIH00151   0C.|
  102.928  0x000C 1236  len=17  62 40 40 43 49 48 20 35 31 33 30 31 33 31 33 34 0d  |b@@CIH 513013134.|
  103.048  0x000C 1236  len=17  63 40 40 43 49 48 31 39 32 20 31 33 39 36 34 36 0d  |c@@CIH192 139646.|
  103.138  0x000C 1236  len=17  64 40 40 43 49 49 32 32 32 20 20 33 38 2d 32 37 0d  |d@@CII222  38-27.|
  103.228  0x000C 1236  len=17  65 40 40 43 49 49 32 30 32 32 31 36 20 77 37 45 0d  |e@@CII202216 w7E.|
  103.348  0x000C 1236  len=17  66 40 40 43 49 49 2d 2d 2d 30 30 20 31 37 32 41 0d  |f@@CII---00 172A.|
  103.438  0x000C 1236  len=17  62 40 40 43 49 49 20 35 31 33 30 31 33 31 33 35 0d  |b@@CII 513013135.|
  103.528  0x000C 1236  len=17  63 40 40 44 40 40 31 39 32 20 31 33 39 36 33 36 0d  |c@@D@@192 139636.|
  103.648  0x000C 1236  len=17  64 40 40 44 40 40 32 32 32 20 20 33 38 2d 31 36 0d  |d@@D@@222  38-16.|
  103.738  0x000C 1236  len=17  65 40 40 54 40 40 32 30 32 32 31 36 20 77 37 44 0d  |e@@T@@202216 w7D.|
  103.828  0x000C 1236  len=17  61 40 40 54 40 40 30 30 31 35 31 2c 39 39 34 41 0d  |a@@T@@00151,994A.|
  103.948  0x000C 1236  len=17  62 40 40 54 40 41 20 35 31 33 30 31 33 31 33 35 0d  |b@@T@A 513013135.|
  104.038  0x000C 1236  len=17  63 40 40 54 40 42 31 39 32 20 31 34 31 30 33 42 0d  |c@@T@B192 14103B.|
  104.128  0x000C 1236  len=17  64 40 40 54 40 43 32 32 39 20 20 33 39 2d 33 31 0d  |d@@T@C229  39-31.|
  104.248  0x000C 1236  len=17  65 40 40 54 40 44 32 30 32 32 31 35 20 77 38 30 0d  |e@@T@D202215 w80.|
  104.338  0x000C 1236  len=17  66 40 40 54 40 45 2d 2d 2d 30 30 20 31 37 32 45 0d  |f@@T@E---00 172E.|
  104.428  0x000C 1236  len=17  62 40 40 54 40 45 20 35 31 33 30 31 33 31 33 39 0d  |b@@T@E 513013139.|
  104.548  0x000C 1236  len=17  78 40 40 44 40 46 29 2e 33 39 3c 3f 43 46 38 39 0d  |x@@D@F).39<?CF89.|
  104.638  0x000C 1236  len=17  79 40 40 44 40 46 49 4b 4c 4b 49 47 47 44 30 39 0d  |y@@D@FIKLKIGGD09.|
  104.728  0x000C 1236  len=17  7a 40 40 44 40 46 41 3e 3a 37 32 2d 29 26 36 32 0d  |z@@D@FA>:72-)&62.|
  104.848  0x000C 1236  len=17  61 40 40 44 40 46 30 30 31 35 31 2c 39 39 34 30 0d  |a@@D@F00151,9940.|
  104.938  0x000C 1236  len=17  62 40 40 44 40 48 20 35 33 38 36 31 33 32 33 41 0d  |b@@D@H 53861323A.|
  105.028  0x000C 1236  len=17  63 40 40 44 40 48 31 39 36 20 31 34 31 30 33 35 0d  |c@@D@H196 141035.|
  105.148  0x000C 1236  len=17  64 40 40 44 40 48 32 32 39 20 20 33 39 2d 32 36 0d  |d@@D@H229  39-26.|
  105.238  0x000C 1236  len=17  65 40 40 44 40 48 32 30 31 32 31 35 20 77 37 33 0d  |e@@D@H201215 w73.|
  105.328  0x000C 1236  len=17  66 40 40 44 40 49 2d 2d 2d 30 30 20 31 37 32 32 0d  |f@@D@I---00 1722.|
  105.448  0x000C 1236  len=17  62 40 40 44 40 49 20 35 33 38 36 31 33 32 33 42 0d  |b@@D@I 53861323B.|
  105.538  0x000C 1236  len=17  63 40 40 44 40 49 31 39 36 20 31 34 31 30 33 36 0d  |c@@D@I196 141036.|
  105.628  0x000C 1236  len=17  64 40 40 44 40 49 32 32 39 20 20 33 39 2d 32 37 0d  |d@@D@I229  39-27.|
  105.748  0x000C 1236  len=17  65 40 40 44 41 40 32 30 31 32 31 35 20 77 36 43 0d  |e@@DA@201215 w6C.|
  105.838  0x000C 1236  len=17  61 40 40 44 41 40 30 30 31 35 31 2c 39 39 33 42 0d  |a@@DA@00151,993B.|
  105.928  0x000C 1236  len=17  62 40 40 44 41 40 20 35 33 38 36 31 33 32 33 33 0d  |b@@DA@ 538613233.|
  106.048  0x000C 1236  len=17  63 40 40 44 41 40 31 39 36 20 31 34 31 30 32 45 0d  |c@@DA@196 14102E.|
  106.138  0x000C 1236  len=17  64 40 40 44 41 41 32 32 39 20 20 33 39 2d 32 30 0d  |d@@DAA229  39-20.|
  106.228  0x000C 1236  len=17  65 40 40 44 41 41 32 30 31 32 31 35 20 77 36 44 0d  |e@@DAA201215 w6D.|
  106.348  0x000C 1236  len=17  66 40 40 44 41 41 2d 2d 2d 30 30 20 31 37 31 42 0d  |f@@DAA---00 171B.|
  106.438  0x000C 1236  len=17  62 40 40 44 41 41 20 35 33 38 36 31 33 32 33 34 0d  |b@@DAA 538613234.|
  106.528  0x000C 1236  len=17  63 40 40 54 41 42 31 39 36 20 31 34 32 34 34 35 0d  |c@@TAB196 142445.|
  106.648  0x000C 1236  len=17  64 40 40 54 41 42 32 31 37 20 20 34 30 2d 32 36 0d  |d@@TAB217  40-26.|
  106.738  0x000C 1236  len=17  65 40 40 54 41 43 32 30 31 32 31 35 20 77 37 46 0d  |e@@TAC201215 w7F.|
  106.828  0x000C 1236  len=17  61 40 40 54 41 44 30 30 31 35 35 20 20 20 31 35 0d  |a@@TAD00155   15.|
  106.948  0x000C 1236  len=17  62 40 40 54 41 45 20 35 33 38 36 31 33 32 34 38 0d  |b@@TAE 538613248.|
  107.038  0x000C 1236  len=17  63 40 40 54 41 46 31 39 36 20 31 34 32 34 34 39 0d  |c@@TAF196 142449.|
  107.128  0x000C 1236  len=17  64 40 40 54 41 48 32 31 37 20 20 34 30 2d 32 43 0d  |d@@TAH217  40-2C.|
  107.248  0x000C 1236  len=17  78 40 40 44 41 48 2a 2f 36 3c 42 47 4b 4e 42 32 0d  |x@@DAH*/6<BGKNB2.|
  107.338  0x000C 1236  len=17  79 40 40 44 41 49 50 51 51 4f 4e 4b 49 45 32 46 0d  |y@@DAIPQQONKIE2F.|
  107.428  0x000C 1236  len=17  7a 40 40 44 41 49 41 3d 39 35 30 2c 27 24 35 42 0d  |z@@DAIA=950,'$5B.|
  107.548  0x000C 1236  len=17  63 40 40 44 41 49 31 39 35 20 31 34 32 34 33 42 0d  |c@@DAI195 14243B.|
  107.638  0x000C 1236  len=17  64 40 40 44 41 49 32 31 37 20 20 34 30 2d 31 44 0d  |d@@DAI217  40-1D.|
  107.728  0x000C 1236  len=17  65 40 40 44 42 40 32 30 31 32 31 35 20 77 36 44 0d  |e@@DB@201215 w6D.|
  107.848  0x000C 1236  len=17  61 40 40 44 42 40 30 30 31 35 36 20 20 20 30 33 0d  |a@@DB@00156   03.|
  107.938  0x000C 1236  len=17  62 40 40 44 42 40 20 35 38 34 30 31 33 31 32 45 0d  |b@@DB@ 58401312E.|
  108.028  0x000C 1236  len=17  63 40 40 44 42 40 31 39 35 20 31 34 32 34 33 33 0d  |c@@DB@195 142433.|
  108.148  0x000C 1236  len=17  64 40 40 44 42 41 32 31 37 20 20 34 30 2d 31 36 0d  |d@@DBA217  40-16.|
  108.238  0x000C 1236  len=17  65 40 40 44 42 41 32 30 31 32 31 35 20 77 36 45 0d  |e@@DBA201215 w6E.|
  108.328  0x000C 1236  len=17  66 40 40 44 42 41 2d 2d 2d 30 30 20 31 39 31 45 0d  |f@@DBA---00 191E.|
  108.448  0x000C 1236  len=17  62 40 40 44 42 41 20 35 38 34 30 31 33 31 32 46 0d  |b@@DBA 58401312F.|
  108.538  0x000C 1236  len=17  63 40 40 44 42 42 31 39 35 20 31 34 32 34 33 35 0d  |c@@DBB195 142435.|
  108.628  0x000C 1236  len=17  64 40 40 44 42 42 32 31 37 20 20 34 30 2d 31 37 0d  |d@@DBB217  40-17.|
  108.748  0x000C 1236  len=17  65 40 40 44 42 42 32 30 31 32 31 35 20 77 36 46 0d  |e@@DBB201215 w6F.|
  108.838  0x000C 1236  len=17  61 40 40 44 42 42 30 30 31 35 37 20 20 20 30 36 0d  |a@@DBB00157   06.|
  108.928  0x000C 1236  len=17  62 40 40 44 42 43 20 35 38 34 30 31 33 31 33 31 0d  |b@@DBC 584013131.|
  109.048  0x000C 1236  len=17  63 40 40 44 42 43 31 39 35 20 31 34 32 34 33 36 0d  |c@@DBC195 142436.|
  109.138  0x000C 1236  len=17  64 40 40 54 42 43 32 33 30 20 20 34 31 2d 32 34 0d  |d@@TBC230  41-24.|
  109.228  0x000C 1236  len=17  65 40 40 54 42 44 32 30 31 32 31 34 20 77 38 30 0d  |e@@TBD201214 w80.|
  109.348  0x000C 1236  len=17  66 40 40 54 42 45 2d 2d 2d 30 30 20 31 38 33 31 0d  |f@@TBE---00 1831.|
  109.438  0x000C 1236  len=17  62 40 40 54 42 46 20 35 38 34 30 31 33 31 34 34 0d  |b@@TBF 584013144.|
  109.528  0x000C 1236  len=17  63 40 40 54 42 47 31 39 35 20 31 34 34 33 34 42 0d  |c@@TBG195 14434B.|
  109.648  0x000C 1236  len=17  64 40 40 54 42 48 32 33 30 20 20 34 31 2d 32 39 0d  |d@@TBH230  41-29.|
  109.738  0x000C 1236  len=17  65 40 40 54 42 49 32 30 31 32 31 34 20 77 38 35 0d  |e@@TBI201214 w85.|
  109.828  0x000C 1236  len=17  61 40 40 44 42 49 30 30 31 35 38 20 20 20 30 45 0d  |a@@DBI00158   0E.|
  109.948  0x000C 1236  len=17  78 40 40 44 42 49 29 2e 34 39 3e 41 44 48 39 36 0d  |x@@DBI).49>ADH96.|
  110.038  0x000C 1236  len=17  79 40 40 44 43 40 4a 4b 4b 49 48 47 45 42 46 46 0d  |y@@DC@JKKIHGEBFF.|
  110.128  0x000C 1236  len=17  7a 40 40 44 43 40 3f 3b 37 32 2e 2a 26 21 34 33 0d  |z@@DC@?;72.*&!43.|
  110.248  0x000C 1236  len=17  65 40 40 44 43 40 31 35 35 32 31 34 20 77 37 35 0d  |e@@DC@155214 w75.|
  110.338  0x000C 1236  len=17  66 40 40 44 43 40 2d 2d 2d 30 30 20 31 38 31 44 0d  |f@@DC@---00 181D.|
  110.428  0x000C 1236  len=17  62 40 40 44 43 41 20 35 31 34 36 31 32 38 33 35 0d  |b@@DCA 514612835.|
  110.548  0x000C 1236  len=17  63 40 40 44 43 41 32 32 35 20 31 34 34 33 33 30 0d  |c@@DCA225 144330.|
  110.638  0x000C 1236  len=17  64 40 40 44 43 41 32 33 30 20 20 34 31 2d 31 33 0d  |d@@DCA230  41-13.|
  110.728  0x000C 1236  len=17  65 40 40 44 43 41 31 35 35 32 31 34 20 77 37 36 0d  |e@@DCA155214 w76.|
  110.848  0x000C 1236  len=17  61 40 40 44 43 42 30 30 31 35 39 20 20 20 30 39 0d  |a@@DCB00159   09.|
  110.938  0x000C 1236  len=17  62 40 40 44 43 42 20 35 31 34 36 31 32 38 33 36 0d  |b@@DCB 514612836.|
  111.028  0x000C 1236  len=17  63 40 40 44 43 42 32 32 35 20 31 34 34 33 33 31 0d  |c@@DCB225 144331.|
  111.148  0x000C 1236  len=17  64 40 40 44 43 42 32 33 30 20 20 34 31 2d 31 34 0d  |d@@DCB230  41-14.|
  111.238  0x000C 1236  len=17  65 40 40 44 43 43 31 35 35 32 31 34 20 77 37 38 0d  |e@@DCC155214 w78.|
  111.328  0x000C 1236  len=17  66 40 40 44 43 43 2d 2d 2d 30 30 20 31 38 32 30 0d  |f@@DCC---00 1820.|
  111.448  0x000C 1236  len=17  62 40 40 44 43 43 20 35 31 34 36 31 32 38 33 37 0d  |b@@DCC 514612837.|
  111.538  0x000C 1236  len=17  63 40 40 44 43 43 32 32 35 20 31 34 34 33 33 32 0d  |c@@DCC225 144332.|
  111.628  0x000C 1236  len=17  64 40 40 54 43 44 32 33 37 20 20 34 32 2d 32 45 0d  |d@@TCD237  42-2E.|
  111.748  0x000C 1236  len=17  65 40 40 54 43 44 31 35 35 32 31 34 20 77 38 39 0d  |e@@TCD155214 w89.|
  111.838  0x000C 1236  len=17  61 40 40 54 43 45 30 30 32 30 30 20 20 20 30 46 0d  |a@@TCE00200   0F.|
  111.928  0x000C 1236  len=17  62 40 40 54 43 46 20 35 31 34 36 31 32 38 34 41 0d  |b@@TCF 51461284A.|
  112.048  0x000C 1236  len=17  63 40 40 54 43 47 32 32 35 20 31 34 35 35 34 39 0d  |c@@TCG225 145549.|
  112.138  0x000C 1236  len=17  64 40 40 54 43 48 32 33 37 20 20 34 32 2d 33 32 0d  |d@@TCH237  42-32.|
  112.228  0x000C 1236  len=17  65 40 40 54 43 49 31 35 35 32 31 34 20 77 38 45 0d  |e@@TCI155214 w8E.|
  112.348  0x000C 1236  len=17  78 40 40 44 43 49 2b 31 37 3e 42 45 4a 4d 42 37 0d  |x@@DCI+17>BEJMB7.|
  112.438  0x000C 1236  len=17  79 40 40 44 43 49 4e 4e 4d 4b 4a 48 45 41 31 35 0d  |y@@DCINNMKJHEA15.|
  112.528  0x000C 1236  len=17  7a 40 40 44 44 41 3e 3b 37 32 2d 29 25 21 34 31 0d  |z@@DDA>;72-)%!41.|
  112.648  0x000C 1236  len=17  64 40 40 44 44 41 32 33 37 20 20 34 32 2d 31 43 0d  |d@@DDA237  42-1C.|
  112.738  0x000C 1236  len=17  65 40 40 44 44 41 31 35 39 32 31 34 20 77 37 42 0d  |e@@DDA159214 w7B.|
  112.828  0x000C 1236  len=17  61 40 40 44 44 41 30 30 32 30 31 20 20 20 46 44 0d  |a@@DDA00201   FD.|
  112.948  0x000C 1236  len=17  62 40 40 44 44 42 20 35 35 31 32 31 32 38 33 34 0d  |b@@DDB 551212834.|
  113.038  0x000C 1236  len=17  63 40 40 44 44 42 32 30 33 20 31 34 35 35 33 31 0d  |c@@DDB203 145531.|
  113.128  0x000C 1236  len=17  64 40 40 44 44 42 32 33 37 20 20 34 32 2d 31 44 0d  |d@@DDB237  42-1D.|
  113.248  0x000C 1236  len=17  65 40 40 44 44 42 31 35 39 32 31 34 20 77 37 43 0d  |e@@DDB159214 w7C.|
  113.338  0x000C 1236  len=17  66 40 40 44 44 43 2d 2d 2d 30 30 20 31 37 32 30 0d  |f@@DDC---00 1720.|
  113.428  0x000C 1236  len=17  62 40 40 44 44 43 20 35 35 31 32 31 32 38 33 35 0d  |b@@DDC 551212835.|
  113.548  0x000C 1236  len=17  63 40 40 44 44 43 32 30 33 20 31 34 35 35 33 32 0d  |c@@DDC203 145532.|
  113.638  0x000C 1236  len=17  64 40 40 44 44 43 32 33 37 20 20 34 32 2d 31 45 0d  |d@@DDC237  42-1E.|
  113.728  0x000C 1236  len=17  65 40 40 44 44 44 31 35 39 32 31 34 20 77 37 45 0d  |e@@DDD159214 w7E.|
  113.848  0x000C 1236  len=17  61 40 40 44 44 44 30 30 32 30 32 20 20 20 30 31 0d  |a@@DDD00202   01.|
  113.938  0x000C 1236  len=17  62 40 40 44 44 44 20 35 35 31 32 31 32 38 33 36 0d  |b@@DDD 551212836.|
  114.028  0x000C 1236  len=17  63 40 40 44 44 44 32 30 33 20 31 34 35 35 33 33 0d  |c@@DDD203 145533.|
  114.148  0x000C 1236  len=17  64 40 40 54 44 45 32 34 32 20 20 34 33 2d 32 44 0d  |d@@TDE242  43-2D.|
  114.238  0x000C 1236  len=17  65 40 40 54 44 45 31 35 39 32 31 33 20 77 38 45 0d  |e@@TDE159213 w8E.|
  114.328  0x000C 1236  len=17  66 40 40 54 44 46 2d 2d 2d 30 30 20 31 37 33 33 0d  |f@@TDF---00 1733.|
  114.448  0x000C 1236  len=17  62 40 40 54 44 47 20 35 35 31 32 31 32 38 34 39 0d  |b@@TDG 551212849.|
  114.538  0x000C 1236  len=17  63 40 40 54 44 48 32 30 33 20 31 34 37 32 34 36 0d  |c@@TDH203 147246.|
  114.628  0x000C 1236  len=17  64 40 40 54 44 49 32 34 32 20 20 34 33 2d 33 31 0d  |d@@TDI242  43-31.|
  114.748  0x000C 1236  len=17  65 40 40 54 45 40 31 35 39 32 31 33 20 77 38 41 0d  |e@@TE@159213 w8A.|
  114.838  0x000C 1236  len=17  61 40 40 54 45 41 30 30 32 30 33 20 20 20 31 30 0d  |a@@TEA00203   10.|
  114.928  0x000C 1236  len=17  78 40 40 44 45 41 28 2c 32 36 3a 3d 40 43 37 38 0d  |x@@DEA(,26:=@C78.|
  115.048  0x000C 1236  len=17  79 40 40 44 45 41 46 48 48 46 46 44 43 41 45 44 0d  |y@@DEAFHHFFDCAED.|
  115.138  0x000C 1236  len=17  7a 40 40 44 45 41 3f 3c 3a 36 31 2d 29 25 35 42 0d  |z@@DEA?<:61-)%5B.|
  115.228  0x000C 1236  len=17  65 40 40 44 45 42 31 35 36 32 31 33 20 77 37 39 0d  |e@@DEB156213 w79.|
  115.348  0x000C 1236  len=17  66 40 40 44 45 42 2d 2d 2d 30 30 20 31 37 32 30 0d  |f@@DEB---00 1720.|
  115.438  0x000C 1236  len=17  62 40 40 44 45 42 20 34 39 38 32 31 33 32 33 41 0d  |b@@DEB 49821323A.|
  115.528  0x000C 1236  len=17  63 40 40 44 45 42 32 32 33 20 31 34 37 32 33 33 0d  |c@@DEB223 147233.|
  115.648  0x000C 1236  len=17  64 40 40 44 45 43 32 34 32 20 20 34 33 2d 31 43 0d  |d@@DEC242  43-1C.|
  115.738  0x000C 1236  len=17  65 40 40 44 45 43 31 35 36 32 31 33 20 77 37 41 0d  |e@@DEC156213 w7A.|
  115.828  0x000C 1236  len=17  61 40 40 44 45 43 30 30 32 30 34 20 20 20 30 33 0d  |a@@DEC00204   03.|
  115.948  0x000C 1236  len=17  62 40 40 44 45 43 20 34 39 38 32 31 33 32 33 42 0d  |b@@DEC 49821323B.|
  116.038  0x000C 1236  len=17  63 40 40 44 45 44 32 32 33 20 31 34 37 32 33 35 0d  |c@@DED223 147235.|
  116.128  0x000C 1236  len=17  64 40 40 44 45 44 32 34 32 20 20 34 33 2d 31 44 0d  |d@@DED242  43-1D.|
  116.248  0x000C 1236  len=17  65 40 40 44 45 44 31 35 36 32 31 33 20 77 37 42 0d  |e@@DED156213 w7B.|
  116.338  0x000C 1236  len=17  66 40 40 44 45 44 2d 2d 2d 30 30 20 31 37 32 32 0d  |f@@DED---00 1722.|
  116.428  0x000C 1236  len=17  62 40 40 44 45 45 20 34 39 38 32 31 33 32 33 44 0d  |b@@DEE 49821323D.|
  116.548  0x000C 1236  len=17  63 40 40 44 45 45 32 32 33 20 31 34 37 32 33 36 0d  |c@@DEE223 147236.|
  116.638  0x000C 1236  len=17  64 40 40 44 45 45 32 34 32 20 20 34 33 2d 31 45 0d  |d@@DEE242  43-1E.|
  116.728  0x000C 1236  len=17  65 40 40 44 45 45 31 35 36 32 31 33 20 77 37 43 0d  |e@@DEE156213 w7C.|
  116.848  0x000C 1236  len=17  61 40 40 54 45 46 30 30 32 30 35 20 20 20 31 37 0d  |a@@TEF00205   17.|
  116.938  0x000C 1236  len=17  62 40 40 54 45 46 20 34 39 38 32 31 33 32 34 45 0d  |b@@TEF 49821324E.|
  117.028  0x000C 1236  len=17  63 40 40 54 45 46 32 32 33 20 31 34 37 39 34 45 0d  |c@@TEF223 14794E.|
  117.148  0x000C 1236  len=17  64 40 40 54 45 47 32 31 38 20 20 34 34 2d 33 34 0d  |d@@TEG218  44-34.|
  117.238  0x000C 1236  len=17  65 40 40 54 45 47 31 35 36 32 31 33 20 77 38 45 0d  |e@@TEG156213 w8E.|
  117.328  0x000C 1236  len=17  66 40 40 54 45 48 2d 2d 2d 30 30 20 31 38 33 37 0d  |f@@TEH---00 1837.|
  117.448  0x000C 1236  len=17  62 40 40 54 45 48 20 34 39 38 32 31 33 32 35 30 0d  |b@@TEH 498213250.|
  117.538  0x000C 1236  len=17  78 40 40 44 45 49 27 29 2b 2d 2f 31 32 32 33 36 0d  |x@@DEI')+-/12236.|
  117.628  0x000C 1236  len=17  79 40 40 44 45 49 32 30 2f 2e 2d 2c 2a 28 33 35 0d  |y@@DEI20/.-,*(35.|
  117.748  0x000C 1236  len=17  7a 40 40 44 45 49 25 21 21 21 21 21 21 21 44 38 0d  |z@@DEI%!!!!!!!D8.|
  117.838  0x000C 1236  len=17  61 40 40 44 46 40 30 30 32 30 36 20 20 20 30 33 0d  |a@@DF@00206   03.|
  117.928  0x000C 1236  len=17  62 40 40 44 46 40 20 31 36 37 36 20 39 36 32 46 0d  |b@@DF@ 1676 962F.|
  118.048  0x000C 1236  len=17  63 40 40 44 46 40 31 38 31 20 31 34 37 39 33 43 0d  |c@@DF@181 14793C.|
  118.138  0x000C 1236  len=17  64 40 40 44 46 40 32 31 38 20 20 34 34 2d 31 45 0d  |d@@DF@218  44-1E.|
  118.228  0x000C 1236  len=17  65 40 40 44 46 41 32 30 34 32 31 33 20 77 37 33 0d  |e@@DFA204213 w73.|
  118.348  0x000C 1236  len=17  66 40 40 44 46 41 2d 2d 2d 30 30 20 31 38 32 31 0d  |f@@DFA---00 1821.|
  118.438  0x000C 1236  len=17  62 40 40 44 46 41 20 31 36 37 36 20 39 36 33 30 0d  |b@@DFA 1676 9630.|
  118.528  0x000C 1236  len=17  63 40 40 44 46 41 31 38 31 20 31 34 37 39 33 44 0d  |c@@DFA181 14793D.|
  118.648  0x000C 1236  len=17  64 40 40 44 46 42 32 31 38 20 20 34 34 2d 32 30 0d  |d@@DFB218  44-20.|
  118.738  0x000C 1236  len=17  65 40 40 44 46 42 32 30 34 32 31 33 20 77 37 34 0d  |e@@DFB204213 w74.|
  118.828  0x000C 1236  len=17  61 40 40 44 46 42 30 30 32 30 37 20 20 20 30 36 0d  |a@@DFB00207   06.|
  118.948  0x000C 1236  len=17  62 40 40 44 46 42 20 31 36 37 36 20 39 36 33 31 0d  |b@@DFB 1676 9631.|
  119.038  0x000C 1236  len=17  63 40 40 44 46 43 31 38 31 20 31 34 37 39 33 46 0d  |c@@DFC181 14793F.|
  119.128  0x000C 1236  len=17  64 40 40 44 46 43 32 31 38 20 20 34 34 2d 32 31 0d  |d@@DFC218  44-21.|
  119.248  0x000C 1236  len=17  65 40 40 44 46 43 32 30 34 32 31 33 20 77 37 35 0d  |e@@DFC204213 w75.|
  119.338  0x000C 1236  len=17  66 40 40 44 46 43 2d 2d 2d 30 30 20 31 38 32 33 0d  |f@@DFC---00 1823.|
  119.428  0x000C 1236  len=17  62 40 40 44 46 44 20 31 36 37 36 20 39 36 33 33 0d  |b@@DFD 1676 9633.|
  119.548  0x000C 1236  len=17  63 40 40 44 46 44 31 38 31 20 31 34 37 39 34 30 0d  |c@@DFD181 147940.|
  119.638  0x000C 1236  len=17  64 40 40 44 46 44 32 31 38 20 20 34 34 2d 32 32 0d  |d@@DFD218  44-22.|
  119.728  0x000C 1236  len=17  65 40 40 44 46 44 32 30 34 32 31 33 20 77 37 36 0d  |e@@DFD204213 w76.|
  119.848  0x000C 1236  len=17  61 40 40 44 46 45 30 30 32 30 38 20 20 20 30 41 0d  |a@@DFE00208   0A.|
  119.938  0x000C 1236  len=17  62 40 40 44 46 45 20 31 36 37 36 20 39 36 33 34 0d  |b@@DFE 1676 9634.|
  120.028  0x000C 1236  len=17  63 40 40 44 46 45 31 38 31 20 31 34 37 39 34 31 0d  |c@@DFE181 147941.|
  120.148  0x000C 1236  len=17  64 40 40 44 46 45 32 31 38 20 20 34 34 2d 32 33 0d  |d@@DFE218  44-23.|
  120.238  0x000C 1236  len=17  65 40 40 44 46 45 32 30 34 32 31 33 20 77 37 37 0d  |e@@DFE204213 w77.|
  120.328  0x000C 1236  len=17  66 40 40 44 46 46 2d 2d 2d 30 30 20 31 38 32 36 0d  |f@@DFF---00 1826.|
  120.448  0x000C 1236  len=17  62 40 40 44 46 46 20 31 36 37 36 20 39 36 33 35 0d  |b@@DFF 1676 9635.|
  120.538  0x000C 1236  len=17  63 40 40 44 46 46 31 38 31 20 31 34 37 39 34 32 0d  |c@@DFF181 147942.|
  120.628  0x000C 1236  len=17  64 40 40 44 46 46 32 31 38 20 20 34 34 2d 32 34 0d  |d@@DFF218  44-24.|
  120.748  0x000C 1236  len=17  65 40 40 44 46 47 32 30 34 32 31 33 20 77 37 39 0d  |e@@DFG204213 w79.|
  120.838  0x000C 1236  len=17  61 40 40 44 46 47 30 30 32 30 39 20 20 20 30 44 0d  |a@@DFG00209   0D.|
  120.928  0x000C 1236  len=17  62 40 40 44 46 47 20 31 36 37 36 20 39 36 33 36 0d  |b@@DFG 1676 9636.|
  121.048  0x000C 1236  len=17  63 40 40 44 46 47 31 38 31 20 31 34 37 39 34 33 0d  |c@@DFG181 147943.|
  121.138  0x000C 1236  len=17  64 40 40 44 46 48 32 31 38 20 20 34 34 2d 32 36 0d  |d@@DFH218  44-26.|
  121.228  0x000C 1236  len=17  65 40 40 44 46 48 32 30 34 32 31 33 20 77 37 41 0d  |e@@DFH204213 w7A.|
  121.348  0x000C 1236  len=17  66 40 40 44 46 48 2d 2d 2d 30 30 20 31 38 32 38 0d  |f@@DFH---00 1828.|
  121.438  0x000C 1236  len=17  62 40 40 44 46 48 20 31 36 37 36 20 39 36 33 37 0d  |b@@DFH 1676 9637.|
  121.528  0x000C 1236  len=17  63 40 40 44 46 49 31 38 31 20 31 34 37 39 34 35 0d  |c@@DFI181 147945.|
  121.648  0x000C 1236  len=17  64 40 40 44 46 49 32 31 38 20 20 34 34 2d 32 37 0d  |d@@DFI218  44-27.|
  121.738  0x000C 1236  len=17  65 40 40 44 46 49 32 30 34 32 31 33 20 77 37 42 0d  |e@@DFI204213 w7B.|
  121.828  0x000C 1236  len=17  61 40 40 44 46 49 30 30 32 31 30 20 20 20 30 37 0d  |a@@DFI00210   07.|
  121.948  0x000C 1236  len=17  62 40 40 44 47 40 20 31 36 37 36 20 39 36 33 30 0d  |b@@DG@ 1676 9630.|
  122.038  0x000C 1236  len=17  63 40 40 44 47 40 31 38 31 20 31 34 37 39 33 44 0d  |c@@DG@181 14793D.|
  122.128  0x000C 1236  len=17  64 40 40 44 47 40 32 31 38 20 20 34 34 2d 31 46 0d  |d@@DG@218  44-1F.|
  122.248  0x000C 1236  len=17  65 40 40 44 47 40 32 30 34 32 31 33 20 77 37 33 0d  |e@@DG@204213 w73.|
  122.338  0x000C 1236  len=17  66 40 40 44 47 41 2d 2d 2d 30 30 20 31 38 32 32 0d  |f@@DGA---00 1822.|
  122.428  0x000C 1236  len=17  62 40 40 44 47 41 20 31 36 37 36 20 39 36 33 31 0d  |b@@DGA 1676 9631.|
  122.548  0x000C 1236  len=17  63 40 40 44 47 41 31 38 31 20 31 34 37 39 33 45 0d  |c@@DGA181 14793E.|
  122.638  0x000C 1236  len=17  64 40 40 44 47 41 32 31 38 20 20 34 34 2d 32 30 0d  |d@@DGA218  44-20.|
  122.728  0x000C 1236  len=17  65 40 40 44 47 42 32 30 34 32 31 33 20 77 37 35 0d  |e@@DGB204213 w75.|
  122.848  0x000C 1236  len=17  61 40 40 44 47 42 30 30 32 31 31 20 20 20 30 32 0d  |a@@DGB00211   02.|
  122.938  0x000C 1236  len=17  62 40 40 44 47 42 20 31 36 37 36 20 39 36 33 32 0d  |b@@DGB 1676 9632.|
  123.028  0x000C 1236  len=17  63 40 40 44 47 42 31 38 31 20 31 34 37 39 33 46 0d  |c@@DGB181 14793F.|
  123.148  0x000C 1236  len=17  64 40 40 44 47 42 32 31 38 20 20 34 34 2d 32 31 0d  |d@@DGB218  44-21.|
  123.238  0x000C 1236  len=17  65 40 40 44 47 42 32 30 34 32 31 33 20 77 37 35 0d  |e@@DGB204213 w75.|
  123.328  0x000C 1236  len=17  66 40 40 44 47 42 2d 2d 2d 30 30 21 2d 2d 31 35 0d  |f@@DGB---00!--15.|
  123.448  0x000C 1236  len=17  62 40 40 44 47 42 20 31 36 37 36 20 39 36 33 32 0d  |b@@DGB 1676 9632.|
  123.538  0x000C 1236  len=17  63 40 40 44 47 42 31 38 31 20 31 34 37 39 33 46 0d  |c@@DGB181 14793F.|
  123.628  0x000C 1236  len=17  64 40 40 44 47 42 32 31 38 20 20 34 34 2d 32 31 0d  |d@@DGB218  44-21.|
  123.748  0x000C 1236  len=17  65 40 40 44 47 42 32 30 34 32 31 33 20 77 37 35 0d  |e@@DGB204213 w75.|
  123.838  0x000C 1236  len=17  61 40 40 44 47 42 30 30 32 31 32 20 20 20 30 33 0d  |a@@DGB00212   03.|
  123.928  0x000C 1236  len=17  62 40 40 44 47 42 20 31 36 37 36 20 39 36 33 32 0d  |b@@DGB 1676 9632.|
  124.048  0x000C 1236  len=17  63 40 40 44 47 42 31 38 31 20 31 34 37 39 33 46 0d  |c@@DGB181 14793F.|
  124.138  0x000C 1236  len=17  64 40 40 44 47 42 32 31 38 20 20 34 34 2d 32 31 0d  |d@@DGB218  44-21.|
  124.228  0x000C 1236  len=17  65 40 40 44 47 42 32 30 34 32 31 33 20 77 37 35 0d  |e@@DGB204213 w75.|
  124.348  0x000C 1236  len=17  66 40 40 44 47 42 2d 2d 2d 30 30 21 2d 2d 31 35 0d  |f@@DGB---00!--15.|
  124.438  0x000C 1236  len=17  62 40 40 44 47 42 20 31 36 37 36 20 39 36 33 32 0d  |b@@DGB 1676 9632.|
  124.528  0x000C 1236  len=17  63 40 40 44 47 42 31 38 31 20 31 34 37 39 33 46 0d  |c@@DGB181 14793F.|
  124.648  0x000C 1236  len=17  64 40 40 44 47 42 32 31 38 20 20 34 34 2d 32 31 0d  |d@@DGB218  44-21.|
  124.738  0x000C 1236  len=17  65 40 40 44 47 42 32 30 34 32 31 33 20 77 37 35 0d  |e@@DGB204213 w75.|
  124.828  0x000C 1236  len=17  61 40 40 44 47 42 30 30 32 31 33 20 20 20 30 34 0d  |a@@DGB00213   04.|
  124.948  0x000C 1236  len=17  62 40 40 44 47 42 20 31 36 37 36 20 39 36 33 32 0d  |b@@DGB 1676 9632.|
  125.038  0x000C 1236  len=17  63 40 40 44 47 42 31 38 31 20 31 34 37 39 33 46 0d  |c@@DGB181 14793F.|
  125.128  0x000C 1236  len=17  64 40 40 44 47 42 32 31 38 20 20 34 34 2d 32 31 0d  |d@@DGB218  44-21.|
  125.248  0x000C 1236  len=17  65 40 40 44 47 42 32 30 34 32 31 33 20 77 37 35 0d  |e@@DGB204213 w75.|
  125.338  0x000C 1236  len=17  66 40 40 44 47 42 2d 2d 2d 30 30 21 2d 2d 31 35 0d  |f@@DGB---00!--15.|
  125.428  0x000C 1236  len=17  62 40 40 44 47 42 20 31 36 37 36 20 39 36 33 32 0d  |b@@DGB 1676 9632.|
  125.548  0x000C 1236  len=17  63 40 40 44 47 42 31 38 31 20 31 34 37 39 33 46 0d  |c@@DGB181 14793F.|
  125.638  0x000C 1236  len=17  64 40 40 44 47 42 32 31 38 20 20 34 34 2d 32 31 0d  |d@@DGB218  44-21.|
  125.728  0x000C 1236  len=17  65 40 40 44 47 42 32 30 34 32 31 33 20 77 37 35 0d  |e@@DGB204213 w75.|
  125.848  0x000C 1236  len=17  61 40 40 44 47 42 30 30 32 31 34 20 20 20 30 35 0d  |a@@DGB00214   05.|
  125.938  0x000C 1236  len=17  62 40 40 44 47 42 20 31 36 37 36 20 39 36 33 32 0d  |b@@DGB 1676 9632.|
  126.028  0x000C 1236  len=17  63 40 40 44 47 42 31 38 31 20 31 34 37 39 33 46 0d  |c@@DGB181 14793F.|
  126.148  0x000C 1236  len=17  64 40 40 44 47 42 32 31 38 20 20 34 34 2d 32 31 0d  |d@@DGB218  44-21.|
  126.238  0x000C 1236  len=17  65 40 40 44 47 42 32 30 34 32 31 33 20 77 37 35 0d  |e@@DGB204213 w75.|
  126.328  0x000C 1236  len=17  66 40 40 44 47 42 2d 2d 2d 30 30 21 2d 2d 31 35 0d  |f@@DGB---00!--15.|
  126.448  0x000C 1236  len=17  62 40 40 44 47 42 20 31 36 37 36 20 39 36 33 32 0d  |b@@DGB 1676 9632.|
  126.538  0x000C 1236  len=17  63 40 40 44 47 42 31 38 31 20 31 34 37 39 33 46 0d  |c@@DGB181 14793F.|
  126.628  0x000C 1236  len=17  64 40 40 44 47 42 32 31 38 20 20 34 34 2d 32 31 0d  |d@@DGB218  44-21.|
  126.748  0x000C 1236  len=17  65 40 40 44 47 42 32 30 34 32 31 33 20 77 37 35 0d  |e@@DGB204213 w75.|
  126.838  0x000C 1236  len=17  61 40 40 44 47 42 30 30 32 31 35 20 20 20 30 36 0d  |a@@DGB00215   06.|
  126.928  0x000C 1236  len=17  62 40 40 44 47 42 20 31 36 37 36 20 39 36 33 32 0d  |b@@DGB 1676 9632.|
  127.048  0x000C 1236  len=17  63 40 40 44 47 42 31 38 31 20 31 34 37 39 33 46 0d  |c@@DGB181 14793F.|
  127.138  0x000C 1236  len=17  64 40 40 44 47 42 32 31 38 20 20 34 34 2d 32 31 0d  |d@@DGB218  44-21.|
  127.228  0x000C 1236  len=17  65 40 40 44 47 42 32 30 34 32 31 33 20 77 37 35 0d  |e@@DGB204213 w75.|
  127.348  0x000C 1236  len=17  66 40 40 44 47 42 2d 2d 2d 30 30 21 2d 2d 31 35 0d  |f@@DGB---00!--15.|
  127.438  0x000C 1236  len=17  62 40 40 44 47 42 20 31 36 37 36 20 39 36 33 32 0d  |b@@DGB 1676 9632.|
  127.528  0x000C 1236  len=17  63 40 40 44 47 42 31 38 31 20 31 34 37 39 33 46 0d  |c@@DGB181 14793F.|
  127.648  0x000C 1236  len=17  64 40 40 44 47 42 32 31 38 20 20 34 34 2d 32 31 0d  |d@@DGB218  44-21.|
  127.738  0x000C 1236  len=17  65 40 40 44 47 42 32 30 34 32 31 33 20 77 37 35 0d  |e@@DGB204213 w75.|
  127.828  0x000C 1236  len=17  61 40 40 44 47 42 30 30 32 31 36 20 20 20 30 37 0d  |a@@DGB00216   07.|
  127.948  0x000C 1236  len=17  62 40 40 44 47 42 20 31 36 37 36 20 39 36 33 32 0d  |b@@DGB 1676 9632.|
  128.038  0x000C 1236  len=17  63 40 40 44 47 42 31 38 31 20 31 34 37 39 33 46 0d  |c@@DGB181 14793F.|
  128.128  0x000C 1236  len=17  64 40 40 44 47 42 32 31 38 20 20 34 34 2d 32 31 0d  |d@@DGB218  44-21.|
  128.248  0x000C 1236  len=17  65 40 40 44 47 42 32 30 34 32 31 33 20 77 37 35 0d  |e@@DGB204213 w75.|
  128.338  0x000C 1236  len=17  66 40 40 44 47 42 2d 2d 2d 30 30 21 2d 2d 31 35 0d  |f@@DGB---00!--15.|
  128.428  0x000C 1236  len=17  62 40 40 44 47 42 20 31 36 37 36 20 39 36 33 32 0d  |b@@DGB 1676 9632.|
  128.548  0x000C 1236  len=17  63 40 40 44 47 42 31 38 31 20 31 34 37 39 33 46 0d  |c@@DGB181 14793F.|
  128.638  0x000C 1236  len=17  64 40 40 44 47 42 32 31 38 20 20 34 34 2d 32 31 0d  |d@@DGB218  44-21.|
  128.728  0x000C 1236  len=17  65 40 40 44 47 42 32 30 34 32 31 33 20 77 37 35 0d  |e@@DGB204213 w75.|
  128.848  0x000C 1236  len=17  61 40 40 44 47 42 30 30 32 31 37 20 20 20 30 38 0d  |a@@DGB00217   08.|
  128.938  0x000C 1236  len=17  62 40 40 44 47 42 20 31 36 37 36 20 39 36 33 32 0d  |b@@DGB 1676 9632.|
  129.028  0x000C 1236  len=17  63 40 40 44 47 42 31 38 31 20 31 34 37 39 33 46 0d  |c@@DGB181 14793F.|
  129.148  0x000C 1236  len=17  64 40 40 44 47 42 32 31 38 20 20 34 34 2d 32 31 0d  |d@@DGB218  44-21.|
  129.238  0x000C 1236  len=17  65 40 40 44 47 42 32 30 34 32 31 33 20 77 37 35 0d  |e@@DGB204213 w75.|
  129.328  0x000C 1236  len=17  66 40 40 44 47 42 2d 2d 2d 30 30 21 2d 2d 31 35 0d  |f@@DGB---00!--15.|
  129.448  0x000C 1236  len=17  62 40 40 44 47 42 20 31 36 37 36 20 39 36 33 32 0d  |b@@DGB 1676 9632.|
  129.538  0x000C 1236  len=17  63 40 40 44 47 42 31 38 31 20 31 34 37 39 33 46 0d  |c@@DGB181 14793F.|
  129.628  0x000C 1236  len=17  64 40 40 44 47 42 32 31 38 20 20 34 34 2d 32 31 0d  |d@@DGB218  44-21.|
  129.748  0x000C 1236  len=17  65 40 40 44 47 42 32 30 34 32 31 33 20 77 37 35 0d  |e@@DGB204213 w75.|
  129.838  0x000C 1236  len=17  61 40 40 44 47 42 30 30 32 31 38 20 20 20 30 39 0d  |a@@DGB00218   09.|
  129.928  0x000C 1236  len=17  62 40 40 44 47 42 20 31 36 37 36 20 39 36 33 32 0d  |b@@DGB 1676 9632.|
  130.048  0x000C 1236  len=17  63 40 40 44 47 42 31 38 31 20 31 34 37 39 33 46 0d  |c@@DGB181 14793F.|
  130.138  0x000C 1236  len=17  64 40 40 44 47 42 32 31 38 20 20 34 34 2d 32 31 0d  |d@@DGB218  44-21.|
  130.228  0x000C 1236  len=17  65 40 40 44 47 42 32 30 34 32 31 33 20 77 37 35 0d  |e@@DGB204213 w75.|
  130.348  0x000C 1236  len=17  66 40 40 44 47 42 2d 2d 2d 30 30 21 2d 2d 31 35 0d  |f@@DGB---00!--15.|
  130.438  0x000C 1236  len=17  62 40 40 44 47 42 20 31 36 37 36 20 39 36 33 32 0d  |b@@DGB 1676 9632.|
  130.528  0x000C 1236  len=17  63 40 40 44 47 42 31 38 31 20 31 34 37 39 33 46 0d  |c@@DGB181 14793F.|
  130.648  0x000C 1236  len=17  64 40 40 44 47 42 32 31 38 20 20 34 34 2d 32 31 0d  |d@@DGB218  44-21.|
  130.738  0x000C 1236  len=17  65 40 40 44 47 42 32 30 34 32 31 33 20 77 37 35 0d  |e@@DGB204213 w75.|
  130.828  0x000C 1236  len=17  61 40 40 44 47 42 30 30 32 31 39 20 20 20 30 41 0d  |a@@DGB00219   0A.|
  130.948  0x000C 1236  len=17  62 40 40 44 47 42 20 31 36 37 36 20 39 36 33 32 0d  |b@@DGB 1676 9632.|
  131.038  0x000C 1236  len=17  63 40 40 44 47 42 31 38 31 20 31 34 37 39 33 46 0d  |c@@DGB181 14793F.|
  131.128  0x000C 1236  len=17  64 40 40 44 47 42 32 31 38 20 20 34 34 2d 32 31 0d  |d@@DGB218  44-21.|
  131.248  0x000C 1236  len=17  65 40 40 44 47 42 32 30 34 32 31 33 20 77 37 35 0d  |e@@DGB204213 w75.|
  131.338  0x000C 1236  len=17  66 40 40 44 47 42 2d 2d 2d 30 30 21 2d 2d 31 35 0d  |f@@DGB---00!--15.|
  131.428  0x000C 1236  len=17  62 40 40 44 47 42 20 31 36 37 36 20 39 36 33 32 0d  |b@@DGB 1676 9632.|
  131.548  0x000C 1236  len=17  63 40 40 44 47 42 31 38 31 20 31 34 37 39 33 46 0d  |c@@DGB181 14793F.|
  131.638  0x000C 1236  len=17  64 40 40 44 47 42 32 31 38 20 20 34 34 2d 32 31 0d  |d@@DGB218  44-21.|
  131.728  0x000C 1236  len=17  65 40 40 44 47 42 32 30 34 32 31 33 20 77 37 35 0d  |e@@DGB204213 w75.|
  131.848  0x000C 1236  len=17  61 40 40 44 47 42 30 30 32 32 30 20 20 20 30 32 0d  |a@@DGB00220   02.|
  131.938  0x000C 1236  len=17  62 40 40 44 47 42 20 31 36 37 36 20 39 36 33 32 0d  |b@@DGB 1676 9632.|
  132.028  0x000C 1236  len=17  63 40 40 44 47 42 31 38 31 20 31 34 37 39 33 46 0d  |c@@DGB181 14793F.|
  132.148  0x000C 1236  len=17  64 40 40 44 47 42 32 31 38 20 20 34 34 2d 32 31 0d  |d@@DGB218  44-21.|
  132.238  0x000C 1236  len=17  65 40 40 44 47 42 32 30 34 32 31 33 20 77 37 35 0d  |e@@DGB204213 w75.|
  132.328  0x000C 1236  len=17  66 40 40 44 47 42 2d 2d 2d 30 30 21 2d 2d 31 35 0d  |f@@DGB---00!--15.|
  132.448  0x000C 1236  len=17  62 40 40 44 47 42 20 31 36 37 36 20 39 36 33 32 0d  |b@@DGB 1676 9632.|
  132.538  0x000C 1236  len=17  63 40 40 44 47 42 31 38 31 20 31 34 37 39 33 46 0d  |c@@DGB181 14793F.|
  132.628  0x000C 1236  len=17  64 40 40 44 47 42 32 31 38 20 20 34 34 2d 32 31 0d  |d@@DGB218  44-21.|
  132.748  0x000C 1236  len=17  65 40 40 44 47 42 32 30 34 32 31 33 20 77 37 35 0d  |e@@DGB204213 w75.|
  132.838  0x000C 1236  len=17  61 40 40 44 47 42 30 30 32 32 31 20 20 20 30 33 0d  |a@@DGB00221   03.|
  132.928  0x000C 1236  len=17  62 40 40 44 47 42 20 31 36 37 36 20 39 36 33 32 0d  |b@@DGB 1676 9632.|
  133.048  0x000C 1236  len=17  63 40 40 44 47 42 31 38 31 20 31 34 37 39 33 46 0d  |c@@DGB181 14793F.|
  133.138  0x000C 1236  len=17  64 40 40 44 47 42 32 31 38 20 20 34 34 2d 32 31 0d  |d@@DGB218  44-21.|
  133.228  0x000C 1236  len=17  65 40 40 44 47 42 32 30 34 32 31 33 20 77 37 35 0d  |e@@DGB204213 w75.|
  133.348  0x000C 1236  len=17  66 40 40 44 47 42 2d 2d 2d 30 30 21 2d 2d 31 35 0d  |f@@DGB---00!--15.|
  133.438  0x000C 1236  len=17  62 40 40 44 47 42 20 31 36 37 36 20 39 36 33 32 0d  |b@@DGB 1676 9632.|
  133.528  0x000C 1236  len=17  63 40 40 44 47 42 31 38 31 20 31 34 37 39 33 46 0d  |c@@DGB181 14793F.|
  133.648  0x000C 1236  len=17  64 40 40 44 47 42 32 31 38 20 20 34 34 2d 32 31 0d  |d@@DGB218  44-21.|
  133.738  0x000C 1236  len=17  65 40 40 44 47 42 32 30 34 32 31 33 20 77 37 35 0d  |e@@DGB204213 w75.|
  133.828  0x000C 1236  len=17  61 40 40 44 47 42 30 30 32 32 32 20 20 20 30 34 0d  |a@@DGB00222   04.|
  133.948  0x000C 1236  len=17  62 40 40 44 47 42 20 31 36 37 36 20 39 36 33 32 0d  |b@@DGB 1676 9632.|
  134.038  0x000C 1236  len=17  63 40 40 44 47 42 31 38 31 20 31 34 37 39 33 46 0d  |c@@DGB181 14793F.|
  134.128  0x000C 1236  len=17  64 40 40 44 47 42 32 31 38 20 20 34 34 2d 32 31 0d  |d@@DGB218  44-21.|
  134.248  0x000C 1236  len=17  65 40 40 44 47 42 32 30 34 32 31 33 20 77 37 35 0d  |e@@DGB204213 w75.|
  134.368  0x000C 1236  len=17  66 40 40 44 47 42 2d 2d 2d 30 30 21 2d 2d 31 35 0d  |f@@DGB---00!--15.|
  134.428  0x000C 1236  len=17  62 40 40 44 47 42 20 31 36 37 36 20 39 36 33 32 0d  |b@@DGB 1676 9632.|
  134.548  0x000C 1236  len=17  63 40 40 44 47 42 31 38 31 20 31 34 37 39 33 46 0d  |c@@DGB181 14793F.|
  134.638  0x000C 1236  len=17  64 40 40 44 47 42 32 31 38 20 20 34 34 2d 32 31 0d  |d@@DGB218  44-21.|
  134.728  0x000C 1236  len=17  65 40 40 44 47 42 32 30 34 32 31 33 20 77 37 35 0d  |e@@DGB204213 w75.|
  134.848  0x000C 1236  len=17  61 40 40 44 47 42 30 30 32 32 33 20 20 20 30 35 0d  |a@@DGB00223   05.|
  134.938  0x000C 1236  len=17  62 40 40 44 47 42 20 31 36 37 36 20 39 36 33 32 0d  |b@@DGB 1676 9632.|
  135.028  0x000C 1236  len=17  63 40 40 44 47 42 31 38 31 20 31 34 37 39 33 46 0d  |c@@DGB181 14793F.|
  135.148  0x000C 1236  len=17  64 40 40 44 47 42 32 31 38 20 20 34 34 2d 32 31 0d  |d@@DGB218  44-21.|
  135.238  0x000C 1236  len=17  65 40 40 44 47 42 32 30 34 32 31 33 20 77 37 35 0d  |e@@DGB204213 w75.|
  135.328  0x000C 1236  len=17  66 40 40 44 47 42 2d 2d 2d 30 30 21 2d 2d 31 35 0d  |f@@DGB---00!--15.|
  135.448  0x000C 1236  len=17  62 40 40 44 47 42 20 31 36 37 36 20 39 36 33 32 0d  |b@@DGB 1676 9632.|
  135.538  0x000C 1236  len=17  63 40 40 44 47 42 31 38 31 20 31 34 37 39 33 46 0d  |c@@DGB181 14793F.|
  135.628  0x000C 1236  len=17  64 40 40 44 47 42 32 31 38 20 20 34 34 2d 32 31 0d  |d@@DGB218  44-21.|
  135.748  0x000C 1236  len=17  65 40 40 44 47 42 32 30 34 32 31 33 20 77 37 35 0d  |e@@DGB204213 w75.|
  135.838  0x000C 1236  len=17  61 40 40 44 47 42 30 30 32 32 34 20 20 20 30 36 0d  |a@@DGB00224   06.|
  135.928  0x000C 1236  len=17  62 40 40 44 47 42 20 31 36 37 36 20 39 36 33 32 0d  |b@@DGB 1676 9632.|
  136.048  0x000C 1236  len=17  63 40 40 44 47 42 31 38 31 20 31 34 37 39 33 46 0d  |c@@DGB181 14793F.|
  136.138  0x000C 1236  len=17  64 40 40 44 47 42 32 31 38 20 20 34 34 2d 32 31 0d  |d@@DGB218  44-21.|
  136.228  0x000C 1236  len=17  65 40 40 44 47 42 32 30 34 32 31 33 20 77 37 35 0d  |e@@DGB204213 w75.|
  136.348  0x000C 1236  len=17  66 40 40 44 47 42 2d 2d 2d 30 30 21 2d 2d 31 35 0d  |f@@DGB---00!--15.|
  136.438  0x000C 1236  len=17  62 40 40 44 47 42 20 31 36 37 36 20 39 36 33 32 0d  |b@@DGB 1676 9632.|
  136.528  0x000C 1236  len=17  63 40 40 44 47 42 31 38 31 20 31 34 37 39 33 46 0d  |c@@DGB181 14793F.|
  136.648  0x000C 1236  len=17  64 40 40 44 47 42 32 31 38 20 20 34 34 2d 32 31 0d  |d@@DGB218  44-21.|
  136.738  0x000C 1236  len=17  65 40 40 44 47 42 32 30 34 32 31 33 20 77 37 35 0d  |e@@DGB204213 w75.|
  136.828  0x000C 1236  len=17  61 40 40 44 47 42 30 30 32 32 35 20 20 20 30 37 0d  |a@@DGB00225   07.|
  136.948  0x000C 1236  len=17  62 40 40 44 47 42 20 31 36 37 36 20 39 36 33 32 0d  |b@@DGB 1676 9632.|
  137.038  0x000C 1236  len=17  63 40 40 44 47 42 31 38 31 20 31 34 37 39 33 46 0d  |c@@DGB181 14793F.|
  137.128  0x000C 1236  len=17  64 40 40 44 47 42 32 31 38 20 20 34 34 2d 32 31 0d  |d@@DGB218  44-21.|
  137.248  0x000C 1236  len=17  65 40 40 44 47 42 32 30 34 32 31 33 20 77 37 35 0d  |e@@DGB204213 w75.|
  137.338  0x000C 1236  len=17  66 40 40 44 47 42 2d 2d 2d 30 30 21 2d 2d 31 35 0d  |f@@DGB---00!--15.|
  137.428  0x000C 1236  len=17  62 40 40 44 47 42 20 31 36 37 36 20 39 36 33 32 0d  |b@@DGB 1676 9632.|
  137.548  0x000C 1236  len=17  63 40 40 44 47 42 31 38 31 20 31 34 37 39 33 46 0d  |c@@DGB181 14793F.|
  137.638  0x000C 1236  len=17  64 40 40 44 47 42 32 31 38 20 20 34 34 2d 32 31 0d  |d@@DGB218  44-21.|
  137.728  0x000C 1236  len=17  65 40 40 44 47 42 32 30 34 32 31 33 20 77 37 35 0d  |e@@DGB204213 w75.|
  137.848  0x000C 1236  len=17  61 40 40 44 47 42 30 30 32 32 36 20 20 20 30 38 0d  |a@@DGB00226   08.|
  137.938  0x000C 1236  len=17  62 40 40 44 47 42 20 31 36 37 36 20 39 36 33 32 0d  |b@@DGB 1676 9632.|
  138.028  0x000C 1236  len=17  63 40 40 44 47 42 31 38 31 20 31 34 37 39 33 46 0d  |c@@DGB181 14793F.|
  138.148  0x000C 1236  len=17  64 40 40 44 47 42 32 31 38 20 20 34 34 2d 32 31 0d  |d@@DGB218  44-21.|
  138.238  0x000C 1236  len=17  65 40 40 44 47 42 32 30 34 32 31 33 20 77 37 35 0d  |e@@DGB204213 w75.|
  138.328  0x000C 1236  len=17  66 40 40 44 47 42 2d 2d 2d 30 30 21 2d 2d 31 35 0d  |f@@DGB---00!--15.|
  138.448  0x000C 1236  len=17  62 40 40 44 47 42 20 31 36 37 36 20 39 36 33 32 0d  |b@@DGB 1676 9632.|
  138.538  0x000C 1236  len=17  63 40 40 44 47 42 31 38 31 20 31 34 37 39 33 46 0d  |c@@DGB181 14793F.|
  138.628  0x000C 1236  len=17  64 40 40 44 47 42 32 31 38 20 20 34 34 2d 32 31 0d  |d@@DGB218  44-21.|
  138.748  0x000C 1236  len=17  65 40 40 44 47 42 32 30 34 32 31 33 20 77 37 35 0d  |e@@DGB204213 w75.|
  138.838  0x000C 1236  len=17  61 40 40 44 47 42 30 30 32 32 37 20 20 20 30 39 0d  |a@@DGB00227   09.|
  138.928  0x000C 1236  len=17  62 40 40 44 47 42 20 31 36 37 36 20 39 36 33 32 0d  |b@@DGB 1676 9632.|
  139.048  0x000C 1236  len=17  63 40 40 44 47 42 31 38 31 20 31 34 37 39 33 46 0d  |c@@DGB181 14793F.|
  139.138  0x000C 1236  len=17  64 40 40 44 47 42 32 31 38 20 20 34 34 2d 32 31 0d  |d@@DGB218  44-21.|
  139.228  0x000C 1236  len=17  65 40 40 44 47 42 32 30 34 32 31 33 20 77 37 35 0d  |e@@DGB204213 w75.|
  139.348  0x000C 1236  len=17  66 40 40 44 47 42 2d 2d 2d 30 30 21 2d 2d 31 35 0d  |f@@DGB---00!--15.|
  139.438  0x000C 1236  len=17  62 40 40 44 47 42 20 31 36 37 36 20 39 36 33 32 0d  |b@@DGB 1676 9632.|
  139.528  0x000C 1236  len=17  63 40 40 44 47 42 31 38 31 20 31 34 37 39 33 46 0d  |c@@DGB181 14793F.|
  139.648  0x000C 1236  len=17  64 40 40 44 47 42 32 31 38 20 20 34 34 2d 32 31 0d  |d@@DGB218  44-21.|
  139.738  0x000C 1236  len=17  65 40 40 44 47 42 32 30 34 32 31 33 20 77 37 35 0d  |e@@DGB204213 w75.|
  139.828  0x000C 1236  len=17  61 40 40 44 47 42 30 30 32 32 38 20 20 20 30 41 0d  |a@@DGB00228   0A.|
  139.948  0x000C 1236  len=17  62 40 40 44 47 42 20 31 36 37 36 20 39 36 33 32 0d  |b@@DGB 1676 9632.|
  140.038  0x000C 1236  len=17  63 40 40 44 47 42 31 38 31 20 31 34 37 39 33 46 0d  |c@@DGB181 14793F.|
  140.128  0x000C 1236  len=17  64 40 40 44 47 42 32 31 38 20 20 34 34 2d 32 31 0d  |d@@DGB218  44-21.|
  140.248  0x000C 1236  len=17  65 40 40 44 47 42 32 30 34 32 31 33 20 77 37 35 0d  |e@@DGB204213 w75.|
  140.338  0x000C 1236  len=17  66 40 40 44 47 42 2d 2d 2d 30 30 21 2d 2d 31 35 0d  |f@@DGB---00!--15.|
  140.428  0x000C 1236  len=17  62 40 40 44 47 42 20 31 36 37 36 20 39 36 33 32 0d  |b@@DGB 1676 9632.|
  140.548  0x000C 1236  len=17  63 40 40 44 47 42 31 38 31 20 31 34 37 39 33 46 0d  |c@@DGB181 14793F.|
  140.638  0x000C 1236  len=17  64 40 40 44 47 42 32 31 38 20 20 34 34 2d 32 31 0d  |d@@DGB218  44-21.|
  140.728  0x000C 1236  len=17  65 40 40 44 47 42 32 30 34 32 31 33 20 77 37 35 0d  |e@@DGB204213 w75.|
  140.848  0x000C 1236  len=17  61 40 40 44 47 42 30 30 32 32 39 20 20 20 30 42 0d  |a@@DGB00229   0B.|
  140.938  0x000C 1236  len=17  62 40 40 44 47 42 20 31 36 37 36 20 39 36 33 32 0d  |b@@DGB 1676 9632.|
  141.028  0x000C 1236  len=17  63 40 40 44 47 42 31 38 31 20 31 34 37 39 33 46 0d  |c@@DGB181 14793F.|
  141.148  0x000C 1236  len=17  64 40 40 44 47 42 32 31 38 20 20 34 34 2d 32 31 0d  |d@@DGB218  44-21.|
  141.238  0x000C 1236  len=17  65 40 40 44 47 42 32 30 34 32 31 33 20 77 37 35 0d  |e@@DGB204213 w75.|
  141.328  0x000C 1236  len=17  66 40 40 44 47 42 2d 2d 2d 30 30 21 2d 2d 31 35 0d  |f@@DGB---00!--15.|
  141.448  0x000C 1236  len=17  62 40 40 44 47 42 20 31 36 37 36 20 39 36 33 32 0d  |b@@DGB 1676 9632.|
  141.538  0x000C 1236  len=17  63 40 40 44 47 42 31 38 31 20 31 34 37 39 33 46 0d  |c@@DGB181 14793F.|
  141.628  0x000C 1236  len=17  64 40 40 44 47 42 32 31 38 20 20 34 34 2d 32 31 0d  |d@@DGB218  44-21.|
  141.748  0x000C 1236  len=17  65 40 40 44 47 42 32 30 34 32 31 33 20 77 37 35 0d  |e@@DGB204213 w75.|
  141.838  0x000C 1236  len=17  61 40 40 44 47 42 30 30 32 33 30 20 20 20 30 33 0d  |a@@DGB00230   03.|
  141.928  0x000C 1236  len=17  62 40 40 44 47 42 20 31 36 37 36 20 39 36 33 32 0d  |b@@DGB 1676 9632.|
  142.048  0x000C 1236  len=17  63 40 40 44 47 42 31 38 31 20 31 34 37 39 33 46 0d  |c@@DGB181 14793F.|
  142.138  0x000C 1236  len=17  64 40 40 44 47 42 32 31 38 20 20 34 34 2d 32 31 0d  |d@@DGB218  44-21.|
  142.228  0x000C 1236  len=17  65 40 40 44 47 42 32 30 34 32 31 33 20 77 37 35 0d  |e@@DGB204213 w75.|
  142.348  0x000C 1236  len=17  66 40 40 44 47 42 2d 2d 2d 30 30 21 2d 2d 31 35 0d  |f@@DGB---00!--15.|
  142.468  0x000C 1236  len=17  62 40 40 44 47 42 20 31 36 37 36 20 39 36 33 32 0d  |b@@DGB 1676 9632.|
  142.528  0x000C 1236  len=17  63 40 40 44 47 42 31 38 31 20 31 34 37 39 33 46 0d  |c@@DGB181 14793F.|
  142.648  0x000C 1236  len=17  64 40 40 44 47 42 32 31 38 20 20 34 34 2d 32 31 0d  |d@@DGB218  44-21.|
  142.768  0x000C 1236  len=17  65 40 40 44 47 42 32 30 34 32 31 33 20 77 37 35 0d  |e@@DGB204213 w75.|
  142.828  0x000C 1236  len=17  61 40 40 44 47 42 30 30 32 33 31 20 20 20 30 34 0d  |a@@DGB00231   04.|
  142.948  0x000C 1236  len=17  62 40 40 44 47 42 20 31 36 37 36 20 39 36 33 32 0d  |b@@DGB 1676 9632.|
  143.038  0x000C 1236  len=17  63 40 40 44 47 42 31 38 31 20 31 34 37 39 33 46 0d  |c@@DGB181 14793F.|
  143.128  0x000C 1236  len=17  64 40 40 44 47 42 32 31 38 20 20 34 34 2d 32 31 0d  |d@@DGB218  44-21.|
  143.248  0x000C 1236  len=17  65 40 40 44 47 42 32 30 34 32 31 33 20 77 37 35 0d  |e@@DGB204213 w75.|
  143.338  0x000C 1236  len=17  66 40 40 44 47 42 2d 2d 2d 30 30 21 2d 2d 31 35 0d  |f@@DGB---00!--15.|
  143.428  0x000C 1236  len=17  62 40 40 44 47 42 20 31 36 37 36 20 39 36 33 32 0d  |b@@DGB 1676 9632.|
  143.548  0x000C 1236  len=17  63 40 40 44 47 42 31 38 31 20 31 34 37 39 33 46 0d  |c@@DGB181 14793F.|
  143.638  0x000C 1236  len=17  64 40 40 44 47 42 32 31 38 20 20 34 34 2d 32 31 0d  |d@@DGB218  44-21.|
  143.728  0x000C 1236  len=17  65 40 40 44 47 42 32 30 34 32 31 33 20 77 37 35 0d  |e@@DGB204213 w75.|
  143.848  0x000C 1236  len=17  61 40 40 44 47 42 30 30 32 33 32 20 20 20 30 35 0d  |a@@DGB00232   05.|
  143.938  0x000C 1236  len=17  62 40 40 44 47 42 20 31 36 37 36 20 39 36 33 32 0d  |b@@DGB 1676 9632.|
  144.028  0x000C 1236  len=17  63 40 40 44 47 42 31 38 31 20 31 34 37 39 33 46 0d  |c@@DGB181 14793F.|
  144.148  0x000C 1236  len=17  64 40 40 44 47 42 32 31 38 20 20 34 34 2d 32 31 0d  |d@@DGB218  44-21.|
  144.238  0x000C 1236  len=17  65 40 40 44 47 42 32 30 34 32 31 33 20 77 37 35 0d  |e@@DGB204213 w75.|
  144.328  0x000C 1236  len=17  66 40 40 44 47 42 2d 2d 2d 30 30 21 2d 2d 31 35 0d  |f@@DGB---00!--15.|
  144.448  0x000C 1236  len=17  62 40 40 44 47 42 20 31 36 37 36 20 39 36 33 32 0d  |b@@DGB 1676 9632.|
  144.538  0x000C 1236  len=17  63 40 40 44 47 42 31 38 31 20 31 34 37 39 33 46 0d  |c@@DGB181 14793F.|
  144.628  0x000C 1236  len=17  64 40 40 44 47 42 32 31 38 20 20 34 34 2d 32 31 0d  |d@@DGB218  44-21.|
  144.748  0x000C 1236  len=17  65 40 40 44 47 42 32 30 34 32 31 33 20 77 37 35 0d  |e@@DGB204213 w75.|
  144.838  0x000C 1236  len=17  61 40 40 44 47 42 30 30 32 33 33 20 20 20 30 36 0d  |a@@DGB00233   06.|
  144.928  0x000C 1236  len=17  62 40 40 44 47 42 20 31 36 37 36 20 39 36 33 32 0d  |b@@DGB 1676 9632.|
  145.048  0x000C 1236  len=17  63 40 40 44 47 42 31 38 31 20 31 34 37 39 33 46 0d  |c@@DGB181 14793F.|
  145.138  0x000C 1236  len=17  64 40 40 44 47 42 32 31 38 20 20 34 34 2d 32 31 0d  |d@@DGB218  44-21.|
  145.228  0x000C 1236  len=17  65 40 40 44 47 42 32 30 34 32 31 33 20 77 37 35 0d  |e@@DGB204213 w75.|
  145.348  0x000C 1236  len=17  66 40 40 44 47 42 2d 2d 2d 30 30 21 2d 2d 31 35 0d  |f@@DGB---00!--15.|
  145.438  0x000C 1236  len=17  62 40 40 44 47 42 20 31 36 37 36 20 39 36 33 32 0d  |b@@DGB 1676 9632.|
  145.528  0x000C 1236  len=17  63 40 40 44 47 42 31 38 31 20 31 34 37 39 33 46 0d  |c@@DGB181 14793F.|
  145.648  0x000C 1236  len=17  64 40 40 44 47 42 32 31 38 20 20 34 34 2d 32 31 0d  |d@@DGB218  44-21.|
  145.738  0x000C 1236  len=17  65 40 40 44 47 42 32 30 34 32 31 33 20 77 37 35 0d  |e@@DGB204213 w75.|
  145.828  0x000C 1236  len=17  61 40 40 44 47 42 30 30 32 33 34 20 20 20 30 37 0d  |a@@DGB00234   07.|
  145.948  0x000C 1236  len=17  62 40 40 44 47 42 20 31 36 37 36 20 39 36 33 32 0d  |b@@DGB 1676 9632.|
  146.038  0x000C 1236  len=17  63 40 40 44 47 42 31 38 31 20 31 34 37 39 33 46 0d  |c@@DGB181 14793F.|
  146.128  0x000C 1236  len=17  64 40 40 44 47 42 32 31 38 20 20 34 34 2d 32 31 0d  |d@@DGB218  44-21.|
  146.248  0x000C 1236  len=17  65 40 40 44 47 42 32 30 34 32 31 33 20 77 37 35 0d  |e@@DGB204213 w75.|
  146.338  0x000C 1236  len=17  66 40 40 44 47 42 2d 2d 2d 30 30 21 2d 2d 31 35 0d  |f@@DGB---00!--15.|
  146.428  0x000C 1236  len=17  62 40 40 44 47 42 20 31 36 37 36 20 39 36 33 32 0d  |b@@DGB 1676 9632.|
  146.548  0x000C 1236  len=17  63 40 40 44 47 42 31 38 31 20 31 34 37 39 33 46 0d  |c@@DGB181 14793F.|
  146.638  0x000C 1236  len=17  64 40 40 44 47 42 32 31 38 20 20 34 34 2d 32 31 0d  |d@@DGB218  44-21.|
  146.728  0x000C 1236  len=17  65 40 40 44 47 42 32 30 34 32 31 33 20 77 37 35 0d  |e@@DGB204213 w75.|
  146.848  0x000C 1236  len=17  61 40 40 44 47 42 30 30 32 33 35 20 20 20 30 38 0d  |a@@DGB00235   08.|
  146.938  0x000C 1236  len=17  62 40 40 44 47 42 20 31 36 37 36 20 39 36 33 32 0d  |b@@DGB 1676 9632.|
  147.028  0x000C 1236  len=17  63 40 40 44 47 42 31 38 31 20 31 34 37 39 33 46 0d  |c@@DGB181 14793F.|
  147.148  0x000C 1236  len=17  64 40 40 44 47 42 32 31 38 20 20 34 34 2d 32 31 0d  |d@@DGB218  44-21.|
  147.238  0x000C 1236  len=17  65 40 40 44 47 42 32 30 34 32 31 33 20 77 37 35 0d  |e@@DGB204213 w75.|
  147.328  0x000C 1236  len=17  66 40 40 44 47 42 2d 2d 2d 30 30 21 2d 2d 31 35 0d  |f@@DGB---00!--15.|
  147.448  0x000C 1236  len=17  62 40 40 44 47 42 20 31 36 37 36 20 39 36 33 32 0d  |b@@DGB 1676 9632.|
  147.538  0x000C 1236  len=17  63 40 40 44 47 42 31 38 31 20 31 34 37 39 33 46 0d  |c@@DGB181 14793F.|
  147.628  0x000C 1236  len=17  64 40 40 44 47 42 32 31 38 20 20 34 34 2d 32 31 0d  |d@@DGB218  44-21.|
  147.748  0x000C 1236  len=17  65 40 40 44 47 42 32 30 34 32 31 33 20 77 37 35 0d  |e@@DGB204213 w75.|
  147.838  0x000C 1236  len=17  61 40 40 44 47 42 30 30 32 33 36 20 20 20 30 39 0d  |a@@DGB00236   09.|
  147.928  0x000C 1236  len=17  62 40 40 44 47 42 20 31 36 37 36 20 39 36 33 32 0d  |b@@DGB 1676 9632.|
  148.048  0x000C 1236  len=17  63 40 40 44 47 42 31 38 31 20 31 34 37 39 33 46 0d  |c@@DGB181 14793F.|
  148.138  0x000C 1236  len=17  64 40 40 44 47 42 32 31 38 20 20 34 34 2d 32 31 0d  |d@@DGB218  44-21.|
  148.228  0x000C 1236  len=17  65 40 40 44 47 42 32 30 34 32 31 33 20 77 37 35 0d  |e@@DGB204213 w75.|
  148.348  0x000C 1236  len=17  66 40 40 44 47 42 2d 2d 2d 30 30 21 2d 2d 31 35 0d  |f@@DGB---00!--15.|
  148.438  0x000C 1236  len=17  62 40 40 44 47 42 20 31 36 37 36 20 39 36 33 32 0d  |b@@DGB 1676 9632.|
  148.528  0x000C 1236  len=17  63 40 40 44 47 42 31 38 31 20 31 34 37 39 33 46 0d  |c@@DGB181 14793F.|
  148.648  0x000C 1236  len=17  64 40 40 44 47 42 32 31 38 20 20 34 34 2d 32 31 0d  |d@@DGB218  44-21.|
  148.738  0x000C 1236  len=17  65 40 40 44 47 42 32 30 34 32 31 33 20 77 37 35 0d  |e@@DGB204213 w75.|
  148.828  0x000C 1236  len=17  61 40 40 44 47 42 30 30 32 33 37 20 20 20 30 41 0d  |a@@DGB00237   0A.|
  148.948  0x000C 1236  len=17  62 40 40 44 47 42 20 31 36 37 36 20 39 36 33 32 0d  |b@@DGB 1676 9632.|
  149.038  0x000C 1236  len=17  63 40 40 44 47 42 31 38 31 20 31 34 37 39 33 46 0d  |c@@DGB181 14793F.|
  149.128  0x000C 1236  len=17  64 40 40 44 47 42 32 31 38 20 20 34 34 2d 32 31 0d  |d@@DGB218  44-21.|
  149.248  0x000C 1236  len=17  65 40 40 44 47 42 32 30 34 32 31 33 20 77 37 35 0d  |e@@DGB204213 w75.|
  149.338  0x000C 1236  len=17  66 40 40 44 47 42 2d 2d 2d 30 30 21 2d 2d 31 35 0d  |f@@DGB---00!--15.|
  149.428  0x000C 1236  len=17  62 40 40 44 47 42 20 31 36 37 36 20 39 36 33 32 0d  |b@@DGB 1676 9632.|
  149.548  0x000C 1236  len=17  63 40 40 44 47 42 31 38 31 20 31 34 37 39 33 46 0d  |c@@DGB181 14793F.|
  149.638  0x000C 1236  len=17  64 40 40 44 47 42 32 31 38 20 20 34 34 2d 32 31 0d  |d@@DGB218  44-21.|
  149.728  0x000C 1236  len=17  65 40 40 44 47 42 32 30 34 32 31 33 20 77 37 35 0d  |e@@DGB204213 w75.|
  149.848  0x000C 1236  len=17  61 40 40 44 47 42 30 30 32 33 38 20 20 20 30 42 0d  |a@@DGB00238   0B.|
  149.938  0x000C 1236  len=17  62 40 40 44 47 42 20 31 36 37 36 20 39 36 33 32 0d  |b@@DGB 1676 9632.|
  150.028  0x000C 1236  len=17  63 40 40 44 47 42 31 38 31 20 31 34 37 39 33 46 0d  |c@@DGB181 14793F.|
  150.148  0x000C 1236  len=17  64 40 40 44 47 42 32 31 38 20 20 34 34 2d 32 31 0d  |d@@DGB218  44-21.|
  150.238  0x000C 1236  len=17  65 40 40 44 47 42 32 30 34 32 31 33 20 77 37 35 0d  |e@@DGB204213 w75.|
  150.328  0x000C 1236  len=17  66 40 40 44 47 42 2d 2d 2d 30 30 21 2d 2d 31 35 0d  |f@@DGB---00!--15.|
  150.448  0x000C 1236  len=17  62 40 40 44 47 42 20 31 36 37 36 20 39 36 33 32 0d  |b@@DGB 1676 9632.|
  150.538  0x000C 1236  len=17  63 40 40 44 47 42 31 38 31 20 31 34 37 39 33 46 0d  |c@@DGB181 14793F.|
  150.628  0x000C 1236  len=17  64 40 40 44 47 42 32 31 38 20 20 34 34 2d 32 31 0d  |d@@DGB218  44-21.|
  150.748  0x000C 1236  len=17  65 40 40 44 47 42 32 30 34 32 31 33 20 77 37 35 0d  |e@@DGB204213 w75.|
  150.838  0x000C 1236  len=17  61 40 40 44 47 42 30 30 32 33 39 20 20 20 30 43 0d  |a@@DGB00239   0C.|
  150.928  0x000C 1236  len=17  62 40 40 44 47 42 20 31 36 37 36 20 39 36 33 32 0d  |b@@DGB 1676 9632.|
  151.048  0x000C 1236  len=17  63 40 40 44 47 42 31 38 31 20 31 34 37 39 33 46 0d  |c@@DGB181 14793F.|
  151.138  0x000C 1236  len=17  64 40 40 44 47 42 32 31 38 20 20 34 34 2d 32 31 0d  |d@@DGB218  44-21.|
  151.228  0x000C 1236  len=17  65 40 40 44 47 42 32 30 34 32 31 33 20 77 37 35 0d  |e@@DGB204213 w75.|
  151.348  0x000C 1236  len=17  66 40 40 44 47 42 2d 2d 2d 30 30 21 2d 2d 31 35 0d  |f@@DGB---00!--15.|
  151.438  0x000C 1236  len=17  62 40 40 44 47 42 20 31 36 37 36 20 39 36 33 32 0d  |b@@DGB 1676 9632.|
  151.528  0x000C 1236  len=17  63 40 40 44 47 42 31 38 31 20 31 34 37 39 33 46 0d  |c@@DGB181 14793F.|
  151.648  0x000C 1236  len=17  64 40 40 44 47 42 32 31 38 20 20 34 34 2d 32 31 0d  |d@@DGB218  44-21.|

Disconnecting cleanly after 151.7 s, 1488 notifications
